TITLE,URL,RELATED PRODUCT 1,RELATED PRODUCT 2,RELATED PRODUCT 3,RELATED PRODUCT 4,RELATED PRODUCT 5,RELATED PRODUCT 6,RELATED PRODUCT 7,RELATED PRODUCT 8,RELATED PRODUCT 9,RELATED PRODUCT 10,RELATED PRODUCT 11,RELATED PRODUCT 12,RELATED CONTENT 1,RELATED CONTENT 2,RELATED CONTENT 3,RELATED CONTENT 4,RELATED CONTENT 5,RELATED CONTENT 6,RELATED CONTENT 7,RELATED CONTENT 8,RELATED CONTENT 9,RELATED CONTENT 10,RELATED CONTENT 11,RELATED CONTENT 12,RELATED CONTENT 13,RELATED CONTENT 14,RELATED CONTENT 15,RELATED CONTENT 16,RELATED CONTENT 17,RELATED CONTENT 18
,,,,,,,,,,,,,,,,,,,,,,,,,,,,,,,
"Meet Dr. Angie Galdi, PhD",http://www.garnierusa.com/articles-tips/articles/skincare/meet-dr-angie-galdi.aspx,,,,,,,,,,,,,,,,,,,,,,,,,,,,,,
"Meet Dr. Diane Madfes, MD",http://www.garnierusa.com/articles-tips/articles/skincare/meet-dr-diane-madfes.aspx,,,,,,,,,,,,,,,,,,,,,,,,,,,,,,
3 Ways To Wake Up With Better Curls,http://www.garnierusa.com/articles-tips/hair-care/curly-hair/3-ways-to-wake-up-with-better-curls.aspx,,,,,,,,,,,,,,,,,,,,,,,,,,,,,,
4 Genius Ways To Dry Curls,http://www.garnierusa.com/articles-tips/hair-care/curly-hair/4-genius-ways-to-dry-curls.aspx,,,,,,,,,,,,,,,,,,,,,,,,,,,,,,
4 Rules For Thirsty Curls,http://www.garnierusa.com/articles-tips/hair-care/curly-hair/4-rules-for-thirsty-curls.aspx,,,,,,,,,,,,,,,,,,,,,,,,,,,,,,
5 Rules for the Softest Curls,http://www.garnierusa.com/articles-tips/hair-care/curly-hair/5-rules-for-softest-the-curls.aspx,,,,,,,,,,,,,,,,,,,,,,,,,,,,,,
7 Tricks To Get Gorgeous Curls  ,http://www.garnierusa.com/articles-tips/hair-care/curly-hair/7-tricks-to-gorgeous-curls.aspx,,,,,,,,,,,,,,,,,,,,,,,,,,,,,,
7 Ways To Fight Curl Frizz,http://www.garnierusa.com/articles-tips/hair-care/curly-hair/7-ways-to-fight-curl-frizz.aspx,,,,,,,,,,,,,,,,,,,,,,,,,,,,,,
9 Tricks For Healthy Curls,http://www.garnierusa.com/articles-tips/hair-care/curly-hair/9-tricks-healthy-curls.aspx,,,,,,,,,,,,,,,,,,,,,,,,,,,,,,
Create Your Best Curly Hair Cocktail  ,http://www.garnierusa.com/articles-tips/hair-care/curly-hair/create-your-best-curly-hair-cocktail.aspx,,,,,,,,,,,,,,,,,,,,,,,,,,,,,,
Curly Girl's Guide To Curl Cream  ,http://www.garnierusa.com/articles-tips/hair-care/curly-hair/curly-girls-guide-to-curl-cream.aspx,,,,,,,,,,,,,,,,,,,,,,,,,,,,,,
Curly Hair Styling Secrets ,http://www.garnierusa.com/articles-tips/hair-care/curly-hair/curly-hair-styling-secrets.aspx,,,,,,,,,,,,,,,,,,,,,,,,,,,,,,
A Guide To Detangling Your Curls,http://www.garnierusa.com/articles-tips/hair-care/curly-hair/guide-to-detangling-curls.aspx,,,,,,,,,,,,,,,,,,,,,,,,,,,,,,
How Much Cleansing Do Your Curls Need?,http://www.garnierusa.com/articles-tips/hair-care/curly-hair/how-much-cleansing-do-curls-need.aspx,,,,,,,,,,,,,,,,,,,,,,,,,,,,,,
"How To Revive Your Curls, Fast!",http://www.garnierusa.com/articles-tips/hair-care/curly-hair/how-to-revive-your-curls-fast.aspx,,,,,,,,,,,,,,,,,,,,,,,,,,,,,,
Know Your Curl Pattern,http://www.garnierusa.com/articles-tips/hair-care/curly-hair/know-your-curl-pattern.aspx,,,,,,,,,,,,,,,,,,,,,,,,,,,,,,
Learn How To Plop Hair For Perfect Curls  ,http://www.garnierusa.com/articles-tips/hair-care/curly-hair/learn-how-to-plop-for-perfect-curls.aspx,,,,,,,,,,,,,,,,,,,,,,,,,,,,,,
Master Your Waves,http://www.garnierusa.com/articles-tips/hair-care/curly-hair/master-your-waves.aspx,,,,,,,,,,,,,,,,,,,,,,,,,,,,,,
Mistakes Curly Hair Girls Make ,http://www.garnierusa.com/articles-tips/hair-care/curly-hair/mistakes-curly-hair-girls-make.aspx,,,,,,,,,,,,,,,,,,,,,,,,,,,,,,
The Perfect Curly Hair Routine  ,http://www.garnierusa.com/articles-tips/hair-care/curly-hair/perfect-curly-hair-routine.aspx,,,,,,,,,,,,,,,,,,,,,,,,,,,,,,
Hair Styling Tricks To Pump Up Your Wavy Hair ,http://www.garnierusa.com/articles-tips/hair-care/curly-hair/pump-up-your-waves.aspx,,,,,,,,,,,,,,,,,,,,,,,,,,,,,,
"Top Grow-out Tips for Long, Lush Curls",http://www.garnierusa.com/articles-tips/hair-care/curly-hair/top-grow-out-tips-for-long-lush-curls.aspx,,,,,,,,,,,,,,,,,,,,,,,,,,,,,,
Tricks For A Day-2 Curl Refresh,http://www.garnierusa.com/articles-tips/hair-care/curly-hair/tricks-for-a-day-2-curl-refresh.aspx,,,,,,,,,,,,,,,,,,,,,,,,,,,,,,
What is Pineappling?,http://www.garnierusa.com/articles-tips/hair-care/curly-hair/what-is-pineappling.aspx,,,,,,,,,,,,,,,,,,,,,,,,,,,,,,
When Should You Deep Condition Your Curls?,http://www.garnierusa.com/articles-tips/hair-care/curly-hair/when-should-you-deep-condition-curls.aspx,,,,,,,,,,,,,,,,,,,,,,,,,,,,,,
You'll Flip For This Beachy Wave Trick,http://www.garnierusa.com/articles-tips/hair-care/curly-hair/youll-flip-for-this-beachy-wave-trick.aspx,,,,,,,,,,,,,,,,,,,,,,,,,,,,,,
The 4 Hair Essentials Every Girl Needs  ,http://www.garnierusa.com/articles-tips/hair-care/hair-tips/4-hair-essentials-every-girl-needs.aspx,,,,,,,,,,,,,,,,,,,,,,,,,,,,,,
5 Tips For Healthy Glossy Hair The Easy Way  ,http://www.garnierusa.com/articles-tips/hair-care/hair-tips/5-easy-tips-for-healthy-glossy-hair.aspx,,,,,,,,,,,,,,,,,,,,,,,,,,,,,,
The Top 9 Bad Hair Habits You Need To Kick  ,http://www.garnierusa.com/articles-tips/hair-care/hair-tips/9-bad-hair-habits-you-need-to-kick.aspx,,,,,,,,,,,,,,,,,,,,,,,,,,,,,,
Hair Issue: Shine/Oiliness,http://www.garnierusa.com/articles-tips/hair-care/hair-tips/hair-issue-shine-oiliness.aspx,,,,,,,,,,,,,,,,,,,,,,,,,,,,,,
Hair Masks – What are they all about?,http://www.garnierusa.com/articles-tips/hair-care/hair-tips/hair-masks-what-are-they-all-about.aspx,,,,,,,,,,,,,,,,,,,,,,,,,,,,,,
Hair Problem: Color Protection,http://www.garnierusa.com/articles-tips/hair-care/hair-tips/hair-problem-color-protection.aspx,,,,,,,,,,,,,,,,,,,,,,,,,,,,,,
Hair Problem: Damaged Hair,http://www.garnierusa.com/articles-tips/hair-care/hair-tips/hair-problem-damaged-hair.aspx,,,,,,,,,,,,,,,,,,,,,,,,,,,,,,
Hair Problems: Frizz and Dullness,http://www.garnierusa.com/articles-tips/hair-care/hair-tips/hair-problems-frizz-and-dullness.aspx,,,,,,,,,,,,,,,,,,,,,,,,,,,,,,
How Shea Butter Improves Your Skin and Hair,http://www.garnierusa.com/articles-tips/hair-care/hair-tips/how-shea-butter-improves-your-skin-and-hair.aspx,,,,,,,,,,,,,,,,,,,,,,,,,,,,,,
How to Care for Your Color-Treated Hair,http://www.garnierusa.com/articles-tips/hair-care/hair-tips/how-to-care-for-color-treated-hair.aspx,,,,,,,,,,,,,,,,,,,,,,,,,,,,,,
How to Deal With Static Flyaway Hair,http://www.garnierusa.com/articles-tips/hair-care/hair-tips/how-to-deal-with-static-flyaway-hair.aspx,,,,,,,,,,,,,,,,,,,,,,,,,,,,,,
How To Have It All: Styled Hair That's Cared For,http://www.garnierusa.com/articles-tips/hair-care/hair-tips/how-to-have-it-all-styled-hair-thats-cared-for.aspx,,,,,,,,,,,,,,,,,,,,,,,,,,,,,,
How to Incorporate Naturally Caring Ingredients Into Your Daily Hair and Skin Routine,http://www.garnierusa.com/articles-tips/hair-care/hair-tips/how-to-incorporate-natural-ingredients-into-your-daily-hair-and-skin-routine.aspx,,,,,,,,,,,,,,,,,,,,,,,,,,,,,,
What is Argan Oil and Why Should You Use it?,http://www.garnierusa.com/articles-tips/hair-care/hair-tips/what-is-argan-oil-and-why-should-you-use-it.aspx,,,,,,,,,,,,,,,,,,,,,,,,,,,,,,
10 Scents and How They Affect Your Mood,http://www.garnierusa.com/articles-tips/hair-care/ingredients/10-scents-and-how-they-affect-your-mood.aspx,,,,,,,,,,,,,,,,,,,,,,,,,,,,,,
Three Treasures From The Beehive,http://www.garnierusa.com/articles-tips/hair-care/ingredients/3-treasures-from-the-beehive.aspx,,,,,,,,,,,,,,,,,,,,,,,,,,,,,,
7 Ingredients To Look For In Your Next Mask,http://www.garnierusa.com/articles-tips/hair-care/ingredients/7-ingredients-to-look-for-in-your-mask.aspx,,,,,,,,,,,,,,,,,,,,,,,,,,,,,,
Avocado Oil and Shea Butter Come Together,http://www.garnierusa.com/articles-tips/hair-care/ingredients/avocado-oil-and-shea-butter-come-together.aspx,,,,,,,,,,,,,,,,,,,,,,,,,,,,,,
Avocado Oil: Learn About Its Skin and Hair Benefits,http://www.garnierusa.com/articles-tips/hair-care/ingredients/avocado-oil-skin-and-hair-benefits.aspx,,,,,,,,,,,,,,,,,,,,,,,,,,,,,,
Benefits of Changing Your Hair Regimen,http://www.garnierusa.com/articles-tips/hair-care/ingredients/benefits-of-changing-your-hair-regimen.aspx,,,,,,,,,,,,,,,,,,,,,,,,,,,,,,
"Coconut Water: How it Benefits Your Skin, Hair, and Body",http://www.garnierusa.com/articles-tips/hair-care/ingredients/coconut-water-how-it-benefits-your-skin-hair-and-body.aspx,,,,,,,,,,,,,,,,,,,,,,,,,,,,,,
Give Colored Hair A Boost,http://www.garnierusa.com/articles-tips/hair-care/ingredients/give-colored-hair-a-boost.aspx,,,,,,,,,,,,,,,,,,,,,,,,,,,,,,
Hydrate Your Hair,http://www.garnierusa.com/articles-tips/hair-care/ingredients/hydrate-your-hair.aspx,,,,,,,,,,,,,,,,,,,,,,,,,,,,,,
Revitalize Dull Hair,http://www.garnierusa.com/articles-tips/hair-care/ingredients/revitalize-dull-hair.aspx,,,,,,,,,,,,,,,,,,,,,,,,,,,,,,
Tame Frizzy Hair,http://www.garnierusa.com/articles-tips/hair-care/ingredients/tame-frizzy-hair.aspx,,,,,,,,,,,,,,,,,,,,,,,,,,,,,,
Chic Side Sweep,http://www.garnierusa.com/articles-tips/hair-style/hairstyle/tommy-bucket-chic-side-sweep.aspx,,,,,,,,,,,,,,,,,,,,,,,,,,,,,,
French Twist Pony,http://www.garnierusa.com/articles-tips/hair-style/hairstyle/tommy-bucket-french-twist-pony.aspx,,,,,,,,,,,,,,,,,,,,,,,,,,,,,,
Knotted Low Bun,http://www.garnierusa.com/articles-tips/hair-style/hairstyle/tommy-bucket-knotted-low-bun.aspx,,,,,,,,,,,,,,,,,,,,,,,,,,,,,,
Leather-Wrapped Ponytail,http://www.garnierusa.com/articles-tips/hair-style/hairstyle/tommy-bucket-leather-wrapped-pony.aspx,,,,,,,,,,,,,,,,,,,,,,,,,,,,,,
Mini Crossover Braids,http://www.garnierusa.com/articles-tips/hair-style/hairstyle/tommy-bucket-mini-crossover-braids.aspx,,,,,,,,,,,,,,,,,,,,,,,,,,,,,,
5 New Anti-Aging Trends ,http://www.garnierusa.com/articles-tips/skincare/anti-aging/5-new-anti-aging-trends.aspx,,,,,,,,,,,,,,,,,,,,,,,,,,,,,,
6 Bad Habits that Are Stopping Your Anti-Aging Efforts,http://www.garnierusa.com/articles-tips/skincare/anti-aging/6-bad-habits-that-are-stopping-your-anti-aging-efforts.aspx,,,,,,,,,,,,,,,,,,,,,,,,,,,,,,
Are Your Anti-Aging Products Acutally Aging You?,http://www.garnierusa.com/articles-tips/skincare/anti-aging/are-your-anti-aging-products-actually-aging-you.aspx,,,,,,,,,,,,,,,,,,,,,,,,,,,,,,
Could Your Sleep Position be Affecting Your Anti-Aging Efforts?,http://www.garnierusa.com/articles-tips/skincare/anti-aging/could-your-sleep-position-be-affecting-your-anti-aging-efforts.aspx,,,,,,,,,,,,,,,,,,,,,,,,,,,,,,
Effects Of Sun Exposure On Skin ,http://www.garnierusa.com/articles-tips/skincare/anti-aging/effects-of-sun-exposure-on-skin.aspx,,,,,,,,,,,,,,,,,,,,,,,,,,,,,,
File These: The Most Important Anti-Aging Skin Tips,http://www.garnierusa.com/articles-tips/skincare/anti-aging/file-these-the-most-important-anti-aging-skin-tips.aspx,,,,,,,,,,,,,,,,,,,,,,,,,,,,,,
How To Avoid Skincare Mistakes and Prevent Blackheads ,http://www.garnierusa.com/articles-tips/skincare/anti-aging/how-to-avoid-skin-care-mistakes-and-prevent-blackheads.aspx,,,,,,,,,,,,,,,,,,,,,,,,,,,,,,
How Working Out is Crucial to Anti-Aging,http://www.garnierusa.com/articles-tips/skincare/anti-aging/how-working-out-is-crucial-to-anti-aging.aspx,,,,,,,,,,,,,,,,,,,,,,,,,,,,,,
Minor Everyday Habits Tha May be Sabotaging Your Anti-Aging Efforts,http://www.garnierusa.com/articles-tips/skincare/anti-aging/minor-everyday-habits-that-may-be-sabotaging-your-anti-aging-efforts.aspx,,,,,,,,,,,,,,,,,,,,,,,,,,,,,,
Optimize Your Sleep to Get the Best Anti-Aging Results,http://www.garnierusa.com/articles-tips/skincare/anti-aging/optimize-your-sleep-to-get-the-best-anti-aging-results.aspx,,,,,,,,,,,,,,,,,,,,,,,,,,,,,,
Skincare Tips to Master Before You Turn 40,http://www.garnierusa.com/articles-tips/skincare/anti-aging/skin-care-tips-to-master-before-you-turn-40.aspx,,,,,,,,,,,,,,,,,,,,,,,,,,,,,,
The Best Skincare Routine In Your 50s ,http://www.garnierusa.com/articles-tips/skincare/anti-aging/the-best-skin-care-routine-in-your-50s.aspx,,,,,,,,,,,,,,,,,,,,,,,,,,,,,,
The Best Skincare Routine to Reduce the Appearance of Wrinkles,http://www.garnierusa.com/articles-tips/skincare/anti-aging/the-best-skin-care-routine-to-reduce-the-appearance-of-wrinkles.aspx,,,,,,,,,,,,,,,,,,,,,,,,,,,,,,
What Are Some Recent Breakthroughs In Anti-Aging Treatments?,http://www.garnierusa.com/articles-tips/skincare/anti-aging/what-are-some-recent-breakthrough-anti-aging-treatments.aspx,,,,,,,,,,,,,,,,,,,,,,,,,,,,,,
When Should You Start Using Anti-Aging Products?,http://www.garnierusa.com/articles-tips/skincare/anti-aging/when-should-you-start-using-anti-aging-products.aspx,,,,,,,,,,,,,,,,,,,,,,,,,,,,,,
Your Definitive Guide To Anti-Aging Eye Creams And Gels,http://www.garnierusa.com/articles-tips/skincare/anti-aging/your-definitive-guide-to-anti-aging-eye-creams-and-gels.aspx,,,,,,,,,,,,,,,,,,,,,,,,,,,,,,
3 Ways To Use Moisturizer With Antioxidants,http://www.garnierusa.com/articles-tips/skincare/antioxidants/3-ways-to-use-moisturizer-with-antioxidants.aspx,,,,,,,,,,,,,,,,,,,,,,,,,,,,,,
4 Reasons Why You Should Use Moisturizer With Vitamin C,http://www.garnierusa.com/articles-tips/skincare/antioxidants/4-reasons-why-you-should-use-moisturizer-with-vitamin-c.aspx,,,,,,,,,,,,,,,,,,,,,,,,,,,,,,
4 Types Of Face Masks You Need In Your Skincare Routine,http://www.garnierusa.com/articles-tips/skincare/antioxidants/4-types-of-face-masks-you-need-in-your-skin-care-routine.aspx,,,,,,,,,,,,,,,,,,,,,,,,,,,,,,
6 Antioxidant Skincare Hacks To Get Glowing Skin,http://www.garnierusa.com/articles-tips/skincare/antioxidants/6-antioxidant-skin-care-hacks-to-get-glowing-skin.aspx,,,,,,,,,,,,,,,,,,,,,,,,,,,,,,
6 Ways To Improve Your Skin's Appearance With Antioxidants,http://www.garnierusa.com/articles-tips/skincare/antioxidants/6-ways-to-improve-your-skins-appearance-with-antioxidants.aspx,,,,,,,,,,,,,,,,,,,,,,,,,,,,,,
8 Ways To Achieve Better Skin,http://www.garnierusa.com/articles-tips/skincare/antioxidants/8-ways-to-achieve-better-skin.aspx,,,,,,,,,,,,,,,,,,,,,,,,,,,,,,
A Step-By-Step Guide To What Antioxidants Do,http://www.garnierusa.com/articles-tips/skincare/antioxidants/a-step-by-step-guide-to-what-antioxidants-do.aspx,,,,,,,,,,,,,,,,,,,,,,,,,,,,,,
Antioxidant Skincare: How To Help Protect Your Skin From Free Radicals,http://www.garnierusa.com/articles-tips/skincare/antioxidants/antioxidant-skin-care-how-to-help-protect-your-skin-from-free-radicals.aspx,,,,,,,,,,,,,,,,,,,,,,,,,,,,,,
The Benefits Of Antioxidants,http://www.garnierusa.com/articles-tips/skincare/antioxidants/antioxidants-benefits.aspx,,,,,,,,,,,,,,,,,,,,,,,,,,,,,,
Antioxidants: The Key To Healthy Skin,http://www.garnierusa.com/articles-tips/skincare/antioxidants/antioxidants-key-healthy-skin.aspx,,,,,,,,,,,,,,,,,,,,,,,,,,,,,,
Do You Need Vitamin C In Your Skincare Routine?,http://www.garnierusa.com/articles-tips/skincare/antioxidants/do-you-need-vitamin-c-in-your-skin-care-routine.aspx,,,,,,,,,,,,,,,,,,,,,,,,,,,,,,
How To Fake A Summer Glow With The Right Antioxidants,http://www.garnierusa.com/articles-tips/skincare/antioxidants/how-to-fake-a-summer-glow-with-the-right-antioxidants.aspx,,,,,,,,,,,,,,,,,,,,,,,,,,,,,,
How To Pamper Your Skin With Antioxidants,http://www.garnierusa.com/articles-tips/skincare/antioxidants/how-to-pamper-your-skin-with-antioxidants.aspx,,,,,,,,,,,,,,,,,,,,,,,,,,,,,,
Up Your Friday Night Skin Ritual With These Antioxidant Skincare Hacks,http://www.garnierusa.com/articles-tips/skincare/antioxidants/up-your-friday-night-skin-ritual-with-these-antioxidant-skin-care-hacks.aspx,,,,,,,,,,,,,,,,,,,,,,,,,,,,,,
10 Facts You Didn'T Know About Your Skin,http://www.garnierusa.com/articles-tips/skincare/cleansing/10-facts-you-didnt-know-about-your-skin.aspx,,,,,,,,,,,,,,,,,,,,,,,,,,,,,,
3 Surprising Micellar Water Hacks,http://www.garnierusa.com/articles-tips/skincare/cleansing/3-surprising-micellar-water-hacks.aspx,,,,,,,,,,,,,,,,,,,,,,,,,,,,,,
3 Types Of Cleansers Perfect For Dry Skin,http://www.garnierusa.com/articles-tips/skincare/cleansing/3-types-of-cleanser-perfect-for-dry-skin.aspx,,,,,,,,,,,,,,,,,,,,,,,,,,,,,,
4 Ways To Use Micellar Water That Are Not On Your Face,http://www.garnierusa.com/articles-tips/skincare/cleansing/4-ways-to-use-micellar-water-that-are-not-on-your-face.aspx,,,,,,,,,,,,,,,,,,,,,,,,,,,,,,
Are You Cleansing With The Right Cleanser?,http://www.garnierusa.com/articles-tips/skincare/cleansing/are-you-cleansing-with-the-right-cleanser.aspx,,,,,,,,,,,,,,,,,,,,,,,,,,,,,,
Are You Cleansing Your Neck Correctly?,http://www.garnierusa.com/articles-tips/skincare/cleansing/are-you-cleansing-your-neck-correctly.aspx,,,,,,,,,,,,,,,,,,,,,,,,,,,,,,
Are You Cleansing Your Skin At The Right Time?,http://www.garnierusa.com/articles-tips/skincare/cleansing/are-you-cleansing-your-skin-at-the-right-time.aspx,,,,,,,,,,,,,,,,,,,,,,,,,,,,,,
Cleanser: Should You Use It During Or After Showering?,http://www.garnierusa.com/articles-tips/skincare/cleansing/cleanser-should-you-use-it-during-or-after-showering.aspx,,,,,,,,,,,,,,,,,,,,,,,,,,,,,,
Does Showering Affect The Skin On Your Face?,http://www.garnierusa.com/articles-tips/skincare/cleansing/does-showering-affect-the-skin-on-your-face.aspx,,,,,,,,,,,,,,,,,,,,,,,,,,,,,,
Double Cleansing: When Should You Do It?,http://www.garnierusa.com/articles-tips/skincare/cleansing/double-cleansing-when-should-you-do-it.aspx,,,,,,,,,,,,,,,,,,,,,,,,,,,,,,
Get Bedtime-Ready Skin In 10 Minutes Or Less,http://www.garnierusa.com/articles-tips/skincare/cleansing/get-bedtime-ready-skin-in-10-minutes-or-less.aspx,,,,,,,,,,,,,,,,,,,,,,,,,,,,,,
How BB Creams Can Supplement Your Cleansing Routine,http://www.garnierusa.com/articles-tips/skincare/cleansing/how-BB-creams-can-supplement-your-cleansing-routine.aspx,,,,,,,,,,,,,,,,,,,,,,,,,,,,,,
How Ice and Cold Water Can Up Your Skincare Routine,http://www.garnierusa.com/articles-tips/skincare/cleansing/how-ice-and-cold-water-can-up-your-skin-care-routine.aspx,,,,,,,,,,,,,,,,,,,,,,,,,,,,,,
How Is Cleansing With Micellar Water Different Than Other Cleansers?,http://www.garnierusa.com/articles-tips/skincare/cleansing/how-is-cleansing-with-micellar-water-different-than-other-cleansers.aspx,,,,,,,,,,,,,,,,,,,,,,,,,,,,,,
How Pollution Can Affect Your Skin And How To Counteract It,http://www.garnierusa.com/articles-tips/skincare/cleansing/how-pollution-can-affect-your-skin-and-how-to-counteract-it.aspx,,,,,,,,,,,,,,,,,,,,,,,,,,,,,,
How To Give Your Skin An At-Home Facial,http://www.garnierusa.com/articles-tips/skincare/cleansing/how-to-give-your-skin-an-at-home-facial.aspx,,,,,,,,,,,,,,,,,,,,,,,,,,,,,,
How To Use: Garnier Skinactive Micellar Cleansing Water,http://www.garnierusa.com/articles-tips/skincare/cleansing/how-to-use-micellar-cleansing-water.aspx,,,,,,,,,,,,,,,,,,,,,,,,,,,,,,
How To Wash Your Face  ,http://www.garnierusa.com/articles-tips/skincare/cleansing/how-to-wash-your-face.aspx,,,,,,,,,,,,,,,,,,,,,,,,,,,,,,
Is Your Cleanser Really As Gentle As You Think?,http://www.garnierusa.com/articles-tips/skincare/cleansing/is-your-cleanser-really-as-gentle-as-you-think.aspx,,,,,,,,,,,,,,,,,,,,,,,,,,,,,,
Garnier SkinActive Micellar Cleansing Water: Frequently Asked Questions,http://www.garnierusa.com/articles-tips/skincare/cleansing/micellar-frequently-asked-questions.aspx,,,,,,,,,,,,,,,,,,,,,,,,,,,,,,
Micellar Water: An Amazing Cleansing Product For Waterproof Mascara,http://www.garnierusa.com/articles-tips/skincare/cleansing/micellar-water-an-amazing-cleansing-product-for-waterproof-mascara.aspx,,,,,,,,,,,,,,,,,,,,,,,,,,,,,,
Micellar Water And Moisturizer: The Perfect Quick Skincare Routine  ,http://www.garnierusa.com/articles-tips/skincare/cleansing/micellar-water-and-moisturizer-the-perfect-quick-skin-care-routine.aspx,,,,,,,,,,,,,,,,,,,,,,,,,,,,,,
Micellar Water - More Than Just a Makeup Remover,http://www.garnierusa.com/articles-tips/skincare/cleansing/micellar-water-more-than-makeup-remover.aspx,,,,,,,,,,,,,,,,,,,,,,,,,,,,,,
Micelles: The Newest Way to Cleanse Your Skin,http://www.garnierusa.com/articles-tips/skincare/cleansing/micelles-the-newest-way-to-cleanse-your-skin.aspx,,,,,,,,,,,,,,,,,,,,,,,,,,,,,,
New Ways To Use Your Cleanser That You Haven’t Thought Of Before,http://www.garnierusa.com/articles-tips/skincare/cleansing/new-ways-to-use-your-cleanser-that-you-havent-thought-of-before.aspx,,,,,,,,,,,,,,,,,,,,,,,,,,,,,,
Old-School Skin Cleansing Tips For When You Can’t Make It To The Drugstore,http://www.garnierusa.com/articles-tips/skincare/cleansing/old-school-skin-cleansing-tips-for-when-you-cant-make-it-to-the-drugstore.aspx,,,,,,,,,,,,,,,,,,,,,,,,,,,,,,
Remove Waterproof Makeup With Micellar Water,http://www.garnierusa.com/articles-tips/skincare/cleansing/remove-waterproof-makeup-with-micellar.aspx,,,,,,,,,,,,,,,,,,,,,,,,,,,,,,
The ABCs Of Cleansers,http://www.garnierusa.com/articles-tips/skincare/cleansing/the-abcs-of-cleansers.aspx,,,,,,,,,,,,,,,,,,,,,,,,,,,,,,
The Best Skincare Hacks To Remove Make Up,http://www.garnierusa.com/articles-tips/skincare/cleansing/the-best-skin-care-hacks-to-remove-make-up.aspx,,,,,,,,,,,,,,,,,,,,,,,,,,,,,,
The Hydrating Cleansers You Need In Your Life,http://www.garnierusa.com/articles-tips/skincare/cleansing/the-hydrating-cleansers-you-need-in-your-life.aspx,,,,,,,,,,,,,,,,,,,,,,,,,,,,,,
The Two Cleansers That Are Perfect For Dry Skin,http://www.garnierusa.com/articles-tips/skincare/cleansing/the-two-cleansers-that-are-perfect-for-dry-skin.aspx,,,,,,,,,,,,,,,,,,,,,,,,,,,,,,
What Can Micellar Water Do For Your Skincare Routine,http://www.garnierusa.com/articles-tips/skincare/cleansing/what-can-micellar-water-do-for-your-skin-care-routine.aspx,,,,,,,,,,,,,,,,,,,,,,,,,,,,,,
What Can You Learn From Korean Cleansing Routines?,http://www.garnierusa.com/articles-tips/skincare/cleansing/what-can-you-learn-from-korean-cleansing-routines.aspx,,,,,,,,,,,,,,,,,,,,,,,,,,,,,,
What Is Garnier SkinActive Micellar Cleansing Water?,http://www.garnierusa.com/articles-tips/skincare/cleansing/what-is-micellar-cleansing-water.aspx,,,,,,,,,,,,,,,,,,,,,,,,,,,,,,
What You Need To Know About Cleansing With Micellar Water,http://www.garnierusa.com/articles-tips/skincare/cleansing/what-you-need-to-know-about-cleansing-with-micellar-water.aspx,,,,,,,,,,,,,,,,,,,,,,,,,,,,,,
Why Micellar Water Is Ideal To Remove Waterproof Mascara,http://www.garnierusa.com/articles-tips/skincare/cleansing/why-micellar-water-is-ideal-to-remove-waterproof-mascara.aspx,,,,,,,,,,,,,,,,,,,,,,,,,,,,,,
Your Boyfriend's Beard Is Making Your Skin Break Out – Really,http://www.garnierusa.com/articles-tips/skincare/cleansing/your-boyfriends-beard-is-making-your-skin-break-out-really.aspx,,,,,,,,,,,,,,,,,,,,,,,,,,,,,,
Your Go-to Cleansing Routine For Combination Skin,http://www.garnierusa.com/articles-tips/skincare/cleansing/your-go-to-cleansing-routine-for-combination-skin.aspx,,,,,,,,,,,,,,,,,,,,,,,,,,,,,,
How To Improve The Appearance Of Dark Spots With Antioxidants,http://www.garnierusa.com/articles-tips/skincare/dark-spots/how-to-improve-the-appearance-of-dark-spots-with-antioxidants.aspx,,,,,,,,,,,,,,,,,,,,,,,,,,,,,,
How To Reduce The Appearance Of Dark Spots On Your Hands,http://www.garnierusa.com/articles-tips/skincare/dark-spots/how-to-reduce-the-appearance-of-dark-spots-on-your-hands.aspx,,,,,,,,,,,,,,,,,,,,,,,,,,,,,,
How To Use Concealer To Cover Up Skin Imperfections,http://www.garnierusa.com/articles-tips/skincare/dark-spots/how-to-use-concealer-to-cover-up-skin-imperfections.aspx,,,,,,,,,,,,,,,,,,,,,,,,,,,,,,
What To Wear If You Want To Avoid Dark Spots,http://www.garnierusa.com/articles-tips/skincare/dark-spots/what-to-wear-if-you-want-to-avoid-dark-spots.aspx,,,,,,,,,,,,,,,,,,,,,,,,,,,,,,
Beat Dry Skin By Making These Small Changes Every Week,http://www.garnierusa.com/articles-tips/skincare/dry-skin/beat-dry-skin-by-making-these-small-changes-every-week.aspx,,,,,,,,,,,,,,,,,,,,,,,,,,,,,,
How To Care For Extremely Dry Skin,http://www.garnierusa.com/articles-tips/skincare/dry-skin/how-to-care-for-extremely-dry-skin.aspx,,,,,,,,,,,,,,,,,,,,,,,,,,,,,,
How To Moisturize Dry Skin In The Summer  ,http://www.garnierusa.com/articles-tips/skincare/dry-skin/how-to-moisturize-dry-skin-in-the-summer.aspx,,,,,,,,,,,,,,,,,,,,,,,,,,,,,,
How To Pick The Best Moisturizer,http://www.garnierusa.com/articles-tips/skincare/dry-skin/how-to-pick-best-moisturizer.aspx,,,,,,,,,,,,,,,,,,,,,,,,,,,,,,
How To Prep Dry Skin For Spring ,http://www.garnierusa.com/articles-tips/skincare/dry-skin/how-to-prep-dry-skin-for-spring.aspx,,,,,,,,,,,,,,,,,,,,,,,,,,,,,,
How To Moisturize Your Skin In The Winter ,http://www.garnierusa.com/articles-tips/skincare/dry-skin/moisturize-your-skin-in-winter.aspx,,,,,,,,,,,,,,,,,,,,,,,,,,,,,,
The Best Dry Skin Remedies,http://www.garnierusa.com/articles-tips/skincare/dry-skin/the-best-dry-skin-remedies.aspx,,,,,,,,,,,,,,,,,,,,,,,,,,,,,,
Turn Dry Skin Into Healthy-Looking Skin Every Day,http://www.garnierusa.com/articles-tips/skincare/dry-skin/turn-dry-skin-into-healthy-looking-skin-every-day.aspx,,,,,,,,,,,,,,,,,,,,,,,,,,,,,,
What Ingredients Help Dry Skin the Most,http://www.garnierusa.com/articles-tips/skincare/dry-skin/what-ingredients-help-dry-skin-the-most.aspx,,,,,,,,,,,,,,,,,,,,,,,,,,,,,,
What to Do if You Have Dry Skin and Acne,http://www.garnierusa.com/articles-tips/skincare/dry-skin/what-to-do-if-you-have-dry-skin-and-acne.aspx,,,,,,,,,,,,,,,,,,,,,,,,,,,,,,
Winter Lifesavers For Dry Skin,http://www.garnierusa.com/articles-tips/skincare/dry-skin/winter-lifesavers-for-dry-skin.aspx,,,,,,,,,,,,,,,,,,,,,,,,,,,,,,
Are There Benefits to Oily Skin? ,http://www.garnierusa.com/articles-tips/skincare/oily-skin/are-there-benefits-to-oily-skin.aspx,,,,,,,,,,,,,,,,,,,,,,,,,,,,,,
Does Oily Skin Require Moisturizer?  ,http://www.garnierusa.com/articles-tips/skincare/oily-skin/does-oily-skin-require-moisturizer.aspx,,,,,,,,,,,,,,,,,,,,,,,,,,,,,,
Fix Your Oily Skin in 5 Minutes,http://www.garnierusa.com/articles-tips/skincare/oily-skin/fix-your-oily-skin-in-5-minutes.aspx,,,,,,,,,,,,,,,,,,,,,,,,,,,,,,
How to Combat Oily Skin,http://www.garnierusa.com/articles-tips/skincare/oily-skin/how-to-combat-oily-skin.aspx,,,,,,,,,,,,,,,,,,,,,,,,,,,,,,
How to Conquer Oily Skin and Blackheads,http://www.garnierusa.com/articles-tips/skincare/oily-skin/how-to-conquer-oily-skin-and-blackheads.aspx,,,,,,,,,,,,,,,,,,,,,,,,,,,,,,
How To Use Oil In Your Skincare Routine Even If You Have Oily Skin,http://www.garnierusa.com/articles-tips/skincare/oily-skin/how-to-use-oil-in-your-skin-care-routine-even-if-you-have-oily-skin.aspx,,,,,,,,,,,,,,,,,,,,,,,,,,,,,,
How Your Cell Phone Might be Giving You Oily or Blemished Skin,http://www.garnierusa.com/articles-tips/skincare/oily-skin/how-your-cell-phone-might-be-giving-you-oily-or-blemished-skin.aspx,,,,,,,,,,,,,,,,,,,,,,,,,,,,,,
Oily Skin: How to Appear Shine-Free in Photographs,http://www.garnierusa.com/articles-tips/skincare/oily-skin/oily-skin-how-to-appear-shine-free-in-photographs.aspx,,,,,,,,,,,,,,,,,,,,,,,,,,,,,,
Peace Out Pores: How To Take Care Of Pores If You Have Oily Skin,http://www.garnierusa.com/articles-tips/skincare/oily-skin/peace-out-pore-how-to-take-care-of-pores-if-you-have-oily-skin.aspx,,,,,,,,,,,,,,,,,,,,,,,,,,,,,,
The One Mistake You're Making With Your Oily Skin,http://www.garnierusa.com/articles-tips/skincare/oily-skin/the-one-mistake-youre-making-with-your-oily-skin.aspx,,,,,,,,,,,,,,,,,,,,,,,,,,,,,,
Three Ways To Cleanse Oily Skin With Charcoal,http://www.garnierusa.com/articles-tips/skincare/oily-skin/three-ways-to-cleanse-oily-skin-with-charcoal.aspx,,,,,,,,,,,,,,,,,,,,,,,,,,,,,,
What's The Difference Between Blackheads And Whiteheads On My Skin?,http://www.garnierusa.com/articles-tips/skincare/oily-skin/whats-the-difference-between-blackheads-and-whiteheads-on-my-skin.aspx,,,,,,,,,,,,,,,,,,,,,,,,,,,,,,
Why Do I Have Oily Skin All Of A Sudden?,http://www.garnierusa.com/articles-tips/skincare/oily-skin/why-do-i-have-oily-skin-all-of-a-sudden.aspx,,,,,,,,,,,,,,,,,,,,,,,,,,,,,,
3 Easy Skincare Travel Products To Always Have On Hand,http://www.garnierusa.com/articles-tips/skincare/skin-care-routine/3-easy-skin-care-travel-products-to-always-have-on-hand.aspx,,,,,,,,,,,,,,,,,,,,,,,,,,,,,,
3 Easy Steps To Fresh Skin After The Gym,http://www.garnierusa.com/articles-tips/skincare/skin-care-routine/3-easy-steps-to-fresh-skin-after-the-gym.aspx,,,,,,,,,,,,,,,,,,,,,,,,,,,,,,
3 Easy Ways To Update Your Skincare Routine,http://www.garnierusa.com/articles-tips/skincare/skin-care-routine/3-easy-ways-to-update-your-skin-care-routine.aspx,,,,,,,,,,,,,,,,,,,,,,,,,,,,,,
3 Reasons Why You Shouldn’t Squeeze Your Blackheads  ,http://www.garnierusa.com/articles-tips/skincare/skin-care-routine/3-reasons-why-you-shouldnt-squeeze-your-blackheads.aspx,,,,,,,,,,,,,,,,,,,,,,,,,,,,,,
4 Ways That You're Applying Moisturizer Wrong in Your Skincare Routine,http://www.garnierusa.com/articles-tips/skincare/skin-care-routine/4-ways-that-youre-applying-moisturizer-wrong-in-your-skin-care-routine.aspx,,,,,,,,,,,,,,,,,,,,,,,,,,,,,,
"5 ""Healthy"" Skin Habits That Aren't So Healthy At All",http://www.garnierusa.com/articles-tips/skincare/skin-care-routine/5-healthy-skin-habits-that-arent-so-healthy-at-all.aspx,,,,,,,,,,,,,,,,,,,,,,,,,,,,,,
5 Quick But Effective Updates For Your Skincare Routine,http://www.garnierusa.com/articles-tips/skincare/skin-care-routine/5-quick-but-effective-updates-for-your-skin-care-routine.aspx,,,,,,,,,,,,,,,,,,,,,,,,,,,,,,
"5 Skincare Routine Changes, 5 Big Results",http://www.garnierusa.com/articles-tips/skincare/skin-care-routine/5-skin-care-routine-changes-5-big-results.aspx,,,,,,,,,,,,,,,,,,,,,,,,,,,,,,
5 Skincare Trends You Need To Know,http://www.garnierusa.com/articles-tips/skincare/skin-care-routine/5-skin-care-trends-you-need-to-know.aspx,,,,,,,,,,,,,,,,,,,,,,,,,,,,,,
5 Surprising Ways To Use Moisturizer On Your Skin,http://www.garnierusa.com/articles-tips/skincare/skin-care-routine/5-surprising-ways-to-use-moisturizer-on-your-skin.aspx,,,,,,,,,,,,,,,,,,,,,,,,,,,,,,
5 Ways To Reduce Puffy Eyes,http://www.garnierusa.com/articles-tips/skincare/skin-care-routine/5-ways-to-reduce-puffy-eyes.aspx,,,,,,,,,,,,,,,,,,,,,,,,,,,,,,
6 Moisturizer Skincare Lessons From Around The World  ,http://www.garnierusa.com/articles-tips/skincare/skin-care-routine/6-moisturizer-skin-care-lessons-from-around-the-world.aspx,,,,,,,,,,,,,,,,,,,,,,,,,,,,,,
6 Ways To Banish Blackheads From Your Skin,http://www.garnierusa.com/articles-tips/skincare/skin-care-routine/6-ways-to-banish-blackheads-from-your-skin.aspx,,,,,,,,,,,,,,,,,,,,,,,,,,,,,,
7 Products You Didn't Know You Needed In Your Skincare Routine,http://www.garnierusa.com/articles-tips/skincare/skin-care-routine/7-products-you-didnt-know-you-needed-in-your-skin-care-routine.aspx,,,,,,,,,,,,,,,,,,,,,,,,,,,,,,
7 Secret Skincare Hacks That Can Optimize Your Makeup,http://www.garnierusa.com/articles-tips/skincare/skin-care-routine/7-secret-skin-care-hacks-that-can-optimize-your-makeup.aspx,,,,,,,,,,,,,,,,,,,,,,,,,,,,,,
9 Skincare Routine Tips You Never Expected To See,http://www.garnierusa.com/articles-tips/skincare/skin-care-routine/9-skin-care-routine-tips-you-never-expected-to-see.aspx,,,,,,,,,,,,,,,,,,,,,,,,,,,,,,
A 5 Minute Diy Mask To Soothe Your Skin,http://www.garnierusa.com/articles-tips/skincare/skin-care-routine/a-5-minute-diy-mask-to-soothe-your-skin.aspx,,,,,,,,,,,,,,,,,,,,,,,,,,,,,,
A Quick Skincare Routine For Your Hands,http://www.garnierusa.com/articles-tips/skincare/skin-care-routine/a-quick-skin-care-routine-for-your-hands.aspx,,,,,,,,,,,,,,,,,,,,,,,,,,,,,,
Are Your Bangs Making Your Skin Break Out?,http://www.garnierusa.com/articles-tips/skincare/skin-care-routine/are-your-bangs-making-your-skin-break-out.aspx,,,,,,,,,,,,,,,,,,,,,,,,,,,,,,
Awesome Skincare Tips From Around The World,http://www.garnierusa.com/articles-tips/skincare/skin-care-routine/awesome-skin-care-tips-from-around-the-world.aspx,,,,,,,,,,,,,,,,,,,,,,,,,,,,,,
Back To School Tips for Busy Moms,http://www.garnierusa.com/articles-tips/skincare/skin-care-routine/back-to-school-tips-for-busy.aspx,,,,,,,,,,,,,,,,,,,,,,,,,,,,,,
Beauty Before Breakfast: A Quick Am Bb Cream Skincare Routine For Oily Skin,http://www.garnierusa.com/articles-tips/skincare/skin-care-routine/beauty-before-breakfast-a-quick-am-BB-cream-skin-care-routine-for-oily-skin.aspx,,,,,,,,,,,,,,,,,,,,,,,,,,,,,,
The 5 Best Bedtime Rituals For Optimal Beauty Sleep,http://www.garnierusa.com/articles-tips/skincare/skin-care-routine/bedtime-rituals.aspx,,,,,,,,,,,,,,,,,,,,,,,,,,,,,,
Can Bb Cream Solve Multiple Skincare Issues At Once?,http://www.garnierusa.com/articles-tips/skincare/skin-care-routine/can-BB-cream-solve-multiple-skin-care-issues-at-once.aspx,,,,,,,,,,,,,,,,,,,,,,,,,,,,,,
Could You Be Moisturizing Your Skin Too Much?,http://www.garnierusa.com/articles-tips/skincare/skin-care-routine/could-you-be-moisturizing-your-skin-too-much.aspx,,,,,,,,,,,,,,,,,,,,,,,,,,,,,,
Daily Face Moisturizers 101,http://www.garnierusa.com/articles-tips/skincare/skin-care-routine/daily-face-moisturizers-101.aspx,,,,,,,,,,,,,,,,,,,,,,,,,,,,,,
Daily Skincare Tips,http://www.garnierusa.com/articles-tips/skincare/skin-care-routine/daily-skin-care-tips.aspx,,,,,,,,,,,,,,,,,,,,,,,,,,,,,,
"Daily Skincare Habits You Need For Healthy, Vibrant Skin ",http://www.garnierusa.com/articles-tips/skincare/skin-care-routine/daily-skincare-habits-you-need-for-healthy-vibrant-skin.aspx,,,,,,,,,,,,,,,,,,,,,,,,,,,,,,
Do You Need Primer To Get Your Skin Make Up Ready?,http://www.garnierusa.com/articles-tips/skincare/skin-care-routine/do-you-need-primer-to-get-your-skin-make-up-ready.aspx,,,,,,,,,,,,,,,,,,,,,,,,,,,,,,
Does Skincare Have To Be Expensive To Be Effective?,http://www.garnierusa.com/articles-tips/skincare/skin-care-routine/does-skin-care-have-to-be-expensive-to-be-effective.aspx,,,,,,,,,,,,,,,,,,,,,,,,,,,,,,
Exercise And Skincare: How To Care For Your Skin Before And After A Workout,http://www.garnierusa.com/articles-tips/skincare/skin-care-routine/exercise-and-skincare-how-to-care-for-your-skin-before-and-after-a-workout.aspx,,,,,,,,,,,,,,,,,,,,,,,,,,,,,,
How To Find The Best Night Cream,http://www.garnierusa.com/articles-tips/skincare/skin-care-routine/find-the-best-night-cream.aspx,,,,,,,,,,,,,,,,,,,,,,,,,,,,,,
5 Skincare Tips To Hold On To For Life,http://www.garnierusa.com/articles-tips/skincare/skin-care-routine/five-skin-care-tips-to-hold-on-to-for-life.aspx,,,,,,,,,,,,,,,,,,,,,,,,,,,,,,
5 Ways To Fall Asleep Faster ,http://www.garnierusa.com/articles-tips/skincare/skin-care-routine/five-ways-to-fall-asleep.aspx,,,,,,,,,,,,,,,,,,,,,,,,,,,,,,
5 Ways To Perk Up In The Morning,http://www.garnierusa.com/articles-tips/skincare/skin-care-routine/five-ways-to-perk-up.aspx,,,,,,,,,,,,,,,,,,,,,,,,,,,,,,
How To Get Glowing Date-Ready Skin,http://www.garnierusa.com/articles-tips/skincare/skin-care-routine/get-glowing-date-ready-skin.aspx,,,,,,,,,,,,,,,,,,,,,,,,,,,,,,
Get Rid Of Bags Under Your Eyes With These Skincare Hacks,http://www.garnierusa.com/articles-tips/skincare/skin-care-routine/get-rid-of-bags-under-your-eyes-with-these-skin-care-hacks.aspx,,,,,,,,,,,,,,,,,,,,,,,,,,,,,,
How Celebrities Prep Their Skin For Big Events,http://www.garnierusa.com/articles-tips/skincare/skin-care-routine/how-celebrities-prep-their-skin-for-big-events.aspx,,,,,,,,,,,,,,,,,,,,,,,,,,,,,,
How Masks And Moisturizers Can Save Your Dry Skin,http://www.garnierusa.com/articles-tips/skincare/skin-care-routine/how-masks-and-moisturizers-can-save-your-dry-skin.aspx,,,,,,,,,,,,,,,,,,,,,,,,,,,,,,
How Much Time Should You Spend On Each Step Of Your Skincare Routine?,http://www.garnierusa.com/articles-tips/skincare/skin-care-routine/how-much-time-should-you-spend-on-each-step-of-your-skin-care-routine.aspx,,,,,,,,,,,,,,,,,,,,,,,,,,,,,,
How To Get Perfect Skin Before A Date,http://www.garnierusa.com/articles-tips/skincare/skin-care-routine/how-to-get-perfect-skin-before-a-date.aspx,,,,,,,,,,,,,,,,,,,,,,,,,,,,,,
How To Give Your Skincare Routine A Spring Cleaning,http://www.garnierusa.com/articles-tips/skincare/skin-care-routine/how-to-give-your-skin-care-routine-a-spring-cleaning.aspx,,,,,,,,,,,,,,,,,,,,,,,,,,,,,,
How to Know if a Product is Too Old to Use on Your Skin,http://www.garnierusa.com/articles-tips/skincare/skin-care-routine/how-to-know-if-a-product-is-too-old-to-use-on-your-skin.aspx,,,,,,,,,,,,,,,,,,,,,,,,,,,,,,
How To Mix BB Cream With Your Favorite Products,http://www.garnierusa.com/articles-tips/skincare/skin-care-routine/how-to-mix-BB-cream-with-your-favorite-products.aspx,,,,,,,,,,,,,,,,,,,,,,,,,,,,,,
How To Moisturize The Skin On Your Chest And Neck  ,http://www.garnierusa.com/articles-tips/skincare/skin-care-routine/how-to-moisturize-the-skin-on-your-chest-and-neck.aspx,,,,,,,,,,,,,,,,,,,,,,,,,,,,,,
How to Reduce Puffy Eyes and Look Like You Had a Good Night’s Sleep,http://www.garnierusa.com/articles-tips/skincare/skin-care-routine/how-to-reduce-puffy-eyes.aspx,,,,,,,,,,,,,,,,,,,,,,,,,,,,,,
How To Switch Up Skincare Between Your 20s And 30s,http://www.garnierusa.com/articles-tips/skincare/skin-care-routine/how-to-switch-up-skin-care-between-your-20s-and-30s.aspx,,,,,,,,,,,,,,,,,,,,,,,,,,,,,,
How To Take Care Of Your Skin,http://www.garnierusa.com/articles-tips/skincare/skin-care-routine/how-to-take-care-of-skin.aspx,,,,,,,,,,,,,,,,,,,,,,,,,,,,,,
How To Transition Your Skincare Routine From Winter To Spring,http://www.garnierusa.com/articles-tips/skincare/skin-care-routine/how-to-transition-your-skin-care-routine-from-winter-to-spring.aspx,,,,,,,,,,,,,,,,,,,,,,,,,,,,,,
How To Undo Prior Skincare Routine Mistakes,http://www.garnierusa.com/articles-tips/skincare/skin-care-routine/how-to-undo-prior-skin-care-routine-mistakes.aspx,,,,,,,,,,,,,,,,,,,,,,,,,,,,,,
The Importance Of Beauty Sleep,http://www.garnierusa.com/articles-tips/skincare/skin-care-routine/importance-beauty-sleep.aspx,,,,,,,,,,,,,,,,,,,,,,,,,,,,,,
Is Your Skin Experiencing Damage From Winter Weather?,http://www.garnierusa.com/articles-tips/skincare/skin-care-routine/is-your-skin-experiencing-damage-from-winter-weather.aspx,,,,,,,,,,,,,,,,,,,,,,,,,,,,,,
Jetsetter: Your Airplane Skincare Routine,http://www.garnierusa.com/articles-tips/skincare/skin-care-routine/jetsetter-your-airplane-skin-care-routine.aspx,,,,,,,,,,,,,,,,,,,,,,,,,,,,,,
Large Pores: The Best Skincare Routine For You,http://www.garnierusa.com/articles-tips/skincare/skin-care-routine/large-pores-the-best-skin-care-routine-for-you.aspx,,,,,,,,,,,,,,,,,,,,,,,,,,,,,,
Leave Bad Skincare Habits Behind You And Have A Great Skincare Routine,http://www.garnierusa.com/articles-tips/skincare/skin-care-routine/leave-bad-skin-care-habits-behind-you-and-have-a-great-skin-care-routine.aspx,,,,,,,,,,,,,,,,,,,,,,,,,,,,,,
Mid-Day Pick Me Ups: Good-For-You Afternoon Snacks,http://www.garnierusa.com/articles-tips/skincare/skin-care-routine/mid-day-pick-me-ups-good-for-you-afternoon-snacks.aspx,,,,,,,,,,,,,,,,,,,,,,,,,,,,,,
Moisturizers for Sun Protection,http://www.garnierusa.com/articles-tips/skincare/skin-care-routine/moisturizers-for-sun-protection.aspx,,,,,,,,,,,,,,,,,,,,,,,,,,,,,,
Powering Off: How Screen Time Affects Your Sleep,http://www.garnierusa.com/articles-tips/skincare/skin-care-routine/powering-off.aspx,,,,,,,,,,,,,,,,,,,,,,,,,,,,,,
Self-Tanner And Your Skin: What You Need To Know,http://www.garnierusa.com/articles-tips/skincare/skin-care-routine/self-tanner-and-your-skin-what-you-need-to-know.aspx,,,,,,,,,,,,,,,,,,,,,,,,,,,,,,
Simple Supple Skin Secrets,http://www.garnierusa.com/articles-tips/skincare/skin-care-routine/simple-supple-skin-secrets.aspx,,,,,,,,,,,,,,,,,,,,,,,,,,,,,,
Skincare Basics To Learn As A Teen  ,http://www.garnierusa.com/articles-tips/skincare/skin-care-routine/skin-care-basics-to-learn-as-a-teen.aspx,,,,,,,,,,,,,,,,,,,,,,,,,,,,,,
Skincare Routine Hacks You Learn At Spas,http://www.garnierusa.com/articles-tips/skincare/skin-care-routine/skin-care-routine-hacks-you-learn-at-spas.aspx,,,,,,,,,,,,,,,,,,,,,,,,,,,,,,
The Skincare Essentials,http://www.garnierusa.com/articles-tips/skincare/skin-care-routine/skincare-essentials.aspx,,,,,,,,,,,,,,,,,,,,,,,,,,,,,,
Skincare: Q&A,http://www.garnierusa.com/articles-tips/skincare/skin-care-routine/skincare-q-and-a.aspx,,,,,,,,,,,,,,,,,,,,,,,,,,,,,,
Sleeping Beauty: Your Best Nighttime Skincare Routine,http://www.garnierusa.com/articles-tips/skincare/skin-care-routine/sleeping-beauty-your-best-nighttime-skin-care-routine.aspx,,,,,,,,,,,,,,,,,,,,,,,,,,,,,,
How Sleeping With Makeup Can Damage Skin,http://www.garnierusa.com/articles-tips/skincare/skin-care-routine/sleeping-with-makeup-can-damage-skin.aspx,,,,,,,,,,,,,,,,,,,,,,,,,,,,,,
The 5 Best Ways To Store Your Skincare Products,http://www.garnierusa.com/articles-tips/skincare/skin-care-routine/the-5-best-ways-to-store-your-skin-care-products.aspx,,,,,,,,,,,,,,,,,,,,,,,,,,,,,,
The Best Morning Skincare Routine,http://www.garnierusa.com/articles-tips/skincare/skin-care-routine/the-best-morning-skin-care-routine.aspx,,,,,,,,,,,,,,,,,,,,,,,,,,,,,,
The Best Skincare Routine For Athletic Women,http://www.garnierusa.com/articles-tips/skincare/skin-care-routine/the-best-skin-care-routine-for-athletic-women.aspx,,,,,,,,,,,,,,,,,,,,,,,,,,,,,,
The Best Skincare Routine for Busy Women,http://www.garnierusa.com/articles-tips/skincare/skin-care-routine/the-best-skin-care-routine-for-busy-women.aspx,,,,,,,,,,,,,,,,,,,,,,,,,,,,,,
Best Skincare Routine For Sensitive Skin  ,http://www.garnierusa.com/articles-tips/skincare/skin-care-routine/the-best-skin-care-routine-for-sensitive-skin.aspx,,,,,,,,,,,,,,,,,,,,,,,,,,,,,,
The Best Skincare Routine In Your 20s,http://www.garnierusa.com/articles-tips/skincare/skin-care-routine/the-best-skin-care-routine-in-your-20s.aspx,,,,,,,,,,,,,,,,,,,,,,,,,,,,,,
The Best Skincare Routine in Your 30s,http://www.garnierusa.com/articles-tips/skincare/skin-care-routine/the-best-skin-care-routine-in-your-30s.aspx,,,,,,,,,,,,,,,,,,,,,,,,,,,,,,
The Best Way to Make Your Skin Make Up Ready By Skin Type,http://www.garnierusa.com/articles-tips/skincare/skin-care-routine/the-best-way-to-make-your-skin-make-up-ready-by-skin-type.aspx,,,,,,,,,,,,,,,,,,,,,,,,,,,,,,
The Best Winter Skincare Routine,http://www.garnierusa.com/articles-tips/skincare/skin-care-routine/the-best-winter-skin-care-routine.aspx,,,,,,,,,,,,,,,,,,,,,,,,,,,,,,
The Perfect Skincare Routine for New Moms,http://www.garnierusa.com/articles-tips/skincare/skin-care-routine/the-perfect-skin-care-routine-for-new-moms.aspx,,,,,,,,,,,,,,,,,,,,,,,,,,,,,,
The Skincare Routine for Perfect Pores,http://www.garnierusa.com/articles-tips/skincare/skin-care-routine/the-skin-care-routine-for-perfect-pores.aspx,,,,,,,,,,,,,,,,,,,,,,,,,,,,,,
Transform Your Bedroom Into A Haven For Sleep,http://www.garnierusa.com/articles-tips/skincare/skin-care-routine/transform-bedroom.aspx,,,,,,,,,,,,,,,,,,,,,,,,,,,,,,
Traveling: The Best Skincare Routine While On the Road,http://www.garnierusa.com/articles-tips/skincare/skin-care-routine/traveling-the-best-skin-care-routine-while-on-the-road.aspx,,,,,,,,,,,,,,,,,,,,,,,,,,,,,,
Update Your Shopping List With These Healthy-Skin Foods And Drinks,http://www.garnierusa.com/articles-tips/skincare/skin-care-routine/update-your-shopping-list-with-these-healthy-skin-foods-and-drinks.aspx,,,,,,,,,,,,,,,,,,,,,,,,,,,,,,
What BB Cream Can Do For Your Skin,http://www.garnierusa.com/articles-tips/skincare/skin-care-routine/what-BB-cream-can-do-for-your-skin.aspx,,,,,,,,,,,,,,,,,,,,,,,,,,,,,,
What is BB Cream?,http://www.garnierusa.com/articles-tips/skincare/skin-care-routine/what-is-BB-cream.aspx,,,,,,,,,,,,,,,,,,,,,,,,,,,,,,
What Skincare Helps With The Blackheads On My Nose?  ,http://www.garnierusa.com/articles-tips/skincare/skin-care-routine/what-skin-care-helps-with-the-blackheads-on-my-nose.aspx,,,,,,,,,,,,,,,,,,,,,,,,,,,,,,
What Unhealthy Habits Can Do to Your Skin,http://www.garnierusa.com/articles-tips/skincare/skin-care-routine/what-unhealthy-habits-can-do-to-your-skin.aspx,,,,,,,,,,,,,,,,,,,,,,,,,,,,,,
What Your Vices Are Doing to Your Skin,http://www.garnierusa.com/articles-tips/skincare/skin-care-routine/what-your-vices-are-doing-to-your-skin.aspx,,,,,,,,,,,,,,,,,,,,,,,,,,,,,,
Difference Between BB Cream And Foundation ,http://www.garnierusa.com/articles-tips/skincare/skin-care-routine/whats-the-difference-between-BB-cream-and-foundation.aspx,,,,,,,,,,,,,,,,,,,,,,,,,,,,,,
Your Perfect 5-Minute Morning Skincare Routine,http://www.garnierusa.com/articles-tips/skincare/skin-care-routine/your-perfect-5-minute-morning-skin-care-routine.aspx,,,,,,,,,,,,,,,,,,,,,,,,,,,,,,
Your Perfect Blackhead-Fighting Skincare Routine,http://www.garnierusa.com/articles-tips/skincare/skin-care-routine/your-perfect-blackhead-fighting-skin-care-routine.aspx,,,,,,,,,,,,,,,,,,,,,,,,,,,,,,
Your Perfect Hotel Skincare Routine ,http://www.garnierusa.com/articles-tips/skincare/skin-care-routine/your-perfect-hotel-skin-care-routine.aspx,,,,,,,,,,,,,,,,,,,,,,,,,,,,,,
Your Perfect Skincare Routine on a Long-Haul Flight,http://www.garnierusa.com/articles-tips/skincare/skin-care-routine/your-perfect-skin-care-routine-on-a-long-haul-flight.aspx,,,,,,,,,,,,,,,,,,,,,,,,,,,,,,
5 Tips To Choose The Right Moisturizer  ,http://www.garnierusa.com/articles-tips/skincare/skin-type/5-tips-to-choose-the-right-moisturizer.aspx,,,,,,,,,,,,,,,,,,,,,,,,,,,,,,
Are You Using the Right Beauty Products for Your Skin Type?,http://www.garnierusa.com/articles-tips/skincare/skin-type/are-you-using-right-products.aspx,,,,,,,,,,,,,,,,,,,,,,,,,,,,,,
How Does The Sun Affect Skin Types Differently ,http://www.garnierusa.com/articles-tips/skincare/skin-type/how-does-the-sun-affect-skin-types-differently.aspx,,,,,,,,,,,,,,,,,,,,,,,,,,,,,,
How Overnight Masks Will Give You Great Skin,http://www.garnierusa.com/articles-tips/skincare/skin-type/how-overnight-masks-will-give-you-great-skin.aspx,,,,,,,,,,,,,,,,,,,,,,,,,,,,,,
How To Calm Irritated Sensitive Skin,http://www.garnierusa.com/articles-tips/skincare/skin-type/how-to-calm-irritated-sensitive-skin.aspx,,,,,,,,,,,,,,,,,,,,,,,,,,,,,,
How to Find the Best Moisturizer for Your Skin Type,http://www.garnierusa.com/articles-tips/skincare/skin-type/how-to-find-the-best-moisturizer-for-your-skin-type.aspx,,,,,,,,,,,,,,,,,,,,,,,,,,,,,,
How To Find The Right BB Cream For Your Skin Type ,http://www.garnierusa.com/articles-tips/skincare/skin-type/how-to-find-the-right-BB-cream-for-your-skin-type.aspx,,,,,,,,,,,,,,,,,,,,,,,,,,,,,,
How To Know If Your Moisturizer Is No Longer Good For Your Skin  ,http://www.garnierusa.com/articles-tips/skincare/skin-type/how-to-know-if-your-moisturizer-is-no-longer-good-for-your-skin.aspx,,,,,,,,,,,,,,,,,,,,,,,,,,,,,,
Moisturizer Gel Versus Cream: Which One Is Right For Your Skin?,http://www.garnierusa.com/articles-tips/skincare/skin-type/moisturizer-gel-versus-cream-which-one-is-right-for-your-skin.aspx,,,,,,,,,,,,,,,,,,,,,,,,,,,,,,
Skincare Challenge: BB Cream Versus CC Cream,http://www.garnierusa.com/articles-tips/skincare/skin-type/skin-care-challenge-BB-cream-versus-CC-cream.aspx,,,,,,,,,,,,,,,,,,,,,,,,,,,,,,
Skincare For Beginners: What You Need To Know,http://www.garnierusa.com/articles-tips/skincare/skin-type/skin-care-for-beginners-what-you-need-to-know.aspx,,,,,,,,,,,,,,,,,,,,,,,,,,,,,,
The Best Eye Cream For Your Skin Type,http://www.garnierusa.com/articles-tips/skincare/skin-type/the-best-eye-cream-for-your-skin-type.aspx,,,,,,,,,,,,,,,,,,,,,,,,,,,,,,
What Do Your Skin Blemishes Say About Your Habits?,http://www.garnierusa.com/articles-tips/skincare/skin-type/what-do-your-skin-blemishes-say-about-your-habits.aspx,,,,,,,,,,,,,,,,,,,,,,,,,,,,,,
What Is The Best Cleanser And Moisturizer For My Skin Type?,http://www.garnierusa.com/articles-tips/skincare/skin-type/what-is-the-best-cleanser-and-moisturizer-for-my-skin-type.aspx,,,,,,,,,,,,,,,,,,,,,,,,,,,,,,
What Is Your Skin Type?,http://www.garnierusa.com/articles-tips/skincare/skin-type/what-is-your-skin-type.aspx,,,,,,,,,,,,,,,,,,,,,,,,,,,,,,
What To Do If Your Skin Type Changes,http://www.garnierusa.com/articles-tips/skincare/skin-type/what-to-do-if-your-skin-type-changes.aspx,,,,,,,,,,,,,,,,,,,,,,,,,,,,,,
"Stronger Hair, Stronger You With Rachel Platten",http://www.garnierusa.com/articles-tips/videos/hair-care/grow-strong-rachel-platten.aspx,,,,,,,,,,,,,,,,,,,,,,,,,,,,,,
Head Turning Sleek & Smooth Style Hair Tutorial,http://www.garnierusa.com/articles-tips/videos/hair-care/head-turning-sleek-and-smooth.aspx,,,,,,,,,,,,,,,,,,,,,,,,,,,,,,
"Long Lasting, All Over Curls Hair Tutorial",http://www.garnierusa.com/articles-tips/videos/hair-care/long-lasting-all-over-curls.aspx,,,,,,,,,,,,,,,,,,,,,,,,,,,,,,
Voluminous At Home Blowout Hair Tutorial,http://www.garnierusa.com/articles-tips/videos/hair-care/voluminous-at-home.aspx,,,,,,,,,,,,,,,,,,,,,,,,,,,,,,
It's All About Your Starting Point | Hair Color 101,http://www.garnierusa.com/articles-tips/videos/hair-color/all-about-your-starting-point.aspx,,,,,,,,,,,,,,,,,,,,,,,,,,,,,,
Balayage How-To With Nutrisse Ultra Color | Hair Color 101,http://www.garnierusa.com/articles-tips/videos/hair-color/balayage-with-nutrisse-ultra-color.aspx,,,,,,,,,,,,,,,,,,,,,,,,,,,,,,
Bronde How-To With Nutrisse Ultra Color | Hair Color 101,http://www.garnierusa.com/articles-tips/videos/hair-color/bronde-with-nutrisse-ultra-color.aspx,,,,,,,,,,,,,,,,,,,,,,,,,,,,,,
Beauty Vlogger Eman Raves About Olia Hair Color,http://www.garnierusa.com/articles-tips/videos/hair-color/eman-raves-about-ola.aspx,,,,,,,,,,,,,,,,,,,,,,,,,,,,,,
The Golden Rule Of Hair Color | Hair Color 101,http://www.garnierusa.com/articles-tips/videos/hair-color/golden-rule-of-hair-color.aspx,,,,,,,,,,,,,,,,,,,,,,,,,,,,,,
Hair Color Trend Report | Hair Color 101,http://www.garnierusa.com/articles-tips/videos/hair-color/hair-color-trend-report.aspx,,,,,,,,,,,,,,,,,,,,,,,,,,,,,,
How To Apply Color Sensation Hair Color | Hair Color 101,http://www.garnierusa.com/articles-tips/videos/hair-color/how-to-apply-color-sensation.aspx,,,,,,,,,,,,,,,,,,,,,,,,,,,,,,
How To Apply Nutrisse | Hair Color 101,http://www.garnierusa.com/articles-tips/videos/hair-color/how-to-apply-nutrisse.aspx,,,,,,,,,,,,,,,,,,,,,,,,,,,,,,
How To Apply Olia Hair Color | Hair Color 101,http://www.garnierusa.com/articles-tips/videos/hair-color/how-to-apply-olia.aspx,,,,,,,,,,,,,,,,,,,,,,,,,,,,,,
An Introduction To Levels And Tones | Hair Color 101,http://www.garnierusa.com/articles-tips/videos/hair-color/introduction-to-levels-and-tones.aspx,,,,,,,,,,,,,,,,,,,,,,,,,,,,,,
Sombre How-To With Nutrisse Ultra Color | Hair Color 101,http://www.garnierusa.com/articles-tips/videos/hair-color/sombre-with-nutrisse-ultra-color.aspx,,,,,,,,,,,,,,,,,,,,,,,,,,,,,,
Unboxing Nutrisse Hair Color | Hair Color 101,http://www.garnierusa.com/articles-tips/videos/hair-color/unboxing-nutrisse-hair-color.aspx,,,,,,,,,,,,,,,,,,,,,,,,,,,,,,
How To Achieve A Smooth Blow-Dry With Our Celebrity Stylist | 24/7 Style,http://www.garnierusa.com/articles-tips/videos/hair-style-womens/achieve-smooth-blow-dry-with-celebrity-stylist.aspx,,,,,,,,,,,,,,,,,,,,,,,,,,,,,,
Beach Waves Hairstyle – Hair Tutorial by Garnier Fructis Style ,http://www.garnierusa.com/articles-tips/videos/hair-style-womens/beach-waves.aspx,,,,,,,,,,,,,,,,,,,,,,,,,,,,,,
Braided Headband – Hair Tutorial by Garnier Fructis Style,http://www.garnierusa.com/articles-tips/videos/hair-style-womens/braided-headband.aspx,,,,,,,,,,,,,,,,,,,,,,,,,,,,,,
How To Care For Your Curls With Our Celebrity Stylist | 24/7 Style,http://www.garnierusa.com/articles-tips/videos/hair-style-womens/care-for-your-curls-with-celebrity-stylist.aspx,,,,,,,,,,,,,,,,,,,,,,,,,,,,,,
Celebrity-Worthy Hairstyle Tutorial: Wrap Around Ponytail,http://www.garnierusa.com/articles-tips/videos/hair-style-womens/celebrity-worthy-hairstyle-wrap-around-ponytail.aspx,,,,,,,,,,,,,,,,,,,,,,,,,,,,,,
How To Create Bouncy Curls With Our Celebrity Stylist | 24/7 Style,http://www.garnierusa.com/articles-tips/videos/hair-style-womens/create-bouncy-curls-with-celebrity-stylist.aspx,,,,,,,,,,,,,,,,,,,,,,,,,,,,,,
Deep Side Part – Hair Tutorial by Garnier Fructis Style ,http://www.garnierusa.com/articles-tips/videos/hair-style-womens/deep-side-part.aspx,,,,,,,,,,,,,,,,,,,,,,,,,,,,,,
Double Dutch Braid Hairstyle Tutorial With Heart Defensor ,http://www.garnierusa.com/articles-tips/videos/hair-style-womens/double-dutch-braid-hairstyle-tutorial-heart.aspx,,,,,,,,,,,,,,,,,,,,,,,,,,,,,,
Faux Bob Hairstyle – Hair Tutorial  ,http://www.garnierusa.com/articles-tips/videos/hair-style-womens/faux-bob.aspx,,,,,,,,,,,,,,,,,,,,,,,,,,,,,,
Faux Hawk – Hair Tutorial,http://www.garnierusa.com/articles-tips/videos/hair-style-womens/faux-hawk-tutorial.aspx,,,,,,,,,,,,,,,,,,,,,,,,,,,,,,
How To Fight Frizzy Hair With Our Celebrity Stylist | 24/7 Style,http://www.garnierusa.com/articles-tips/videos/hair-style-womens/fight-frizzy-hair-with-celebrity-stylist.aspx,,,,,,,,,,,,,,,,,,,,,,,,,,,,,,
How To Find The Right Hair Treatments With Our Celebrity Stylist | 24/7 Style,http://www.garnierusa.com/articles-tips/videos/hair-style-womens/find-right-hair-treatments-with-celebrity-stylist.aspx,,,,,,,,,,,,,,,,,,,,,,,,,,,,,,
How To Find The Perfect Brush With Our Celebrity Stylist | 24/7 Style,http://www.garnierusa.com/articles-tips/videos/hair-style-womens/find-the-perfect-brush-with-celebrity-stylist.aspx,,,,,,,,,,,,,,,,,,,,,,,,,,,,,,
How To Get A Curly Side Twist Style In 30 Seconds | 24/7 Style,http://www.garnierusa.com/articles-tips/videos/hair-style-womens/get-curly-side-twist-in-30-seconds.aspx,,,,,,,,,,,,,,,,,,,,,,,,,,,,,,
How To Get A Low Knot Style In 30 Seconds | 24/7 Style,http://www.garnierusa.com/articles-tips/videos/hair-style-womens/get-low-knot-in-30-seconds.aspx,,,,,,,,,,,,,,,,,,,,,,,,,,,,,,
How To Get A Side Fishtail Style In 30 Seconds | 24/7 Style,http://www.garnierusa.com/articles-tips/videos/hair-style-womens/get-side-fishtail-in-30-seconds.aspx,,,,,,,,,,,,,,,,,,,,,,,,,,,,,,
How To Get A Side Sweep Style In 30 Seconds | 24/7 Style,http://www.garnierusa.com/articles-tips/videos/hair-style-womens/get-sidesweep-in-30-seconds.aspx,,,,,,,,,,,,,,,,,,,,,,,,,,,,,,
Glammed Out Pixie Hairstyle – Hair Tutorial,http://www.garnierusa.com/articles-tips/videos/hair-style-womens/glammed-out-pixie.aspx,,,,,,,,,,,,,,,,,,,,,,,,,,,,,,
How To Grow Hair Longer With Our Celebrity Stylist | 24/7 Style,http://www.garnierusa.com/articles-tips/videos/hair-style-womens/grow-hair-longer-with-celebrity-stylist.aspx,,,,,,,,,,,,,,,,,,,,,,,,,,,,,,
Half Updo Hairstyle – Hair Tutorial  ,http://www.garnierusa.com/articles-tips/videos/hair-style-womens/half-updo.aspx,,,,,,,,,,,,,,,,,,,,,,,,,,,,,,
Messy Bun Updo Hairstyle – Hair Tutorial  ,http://www.garnierusa.com/articles-tips/videos/hair-style-womens/messy-bun-tutorial.aspx,,,,,,,,,,,,,,,,,,,,,,,,,,,,,,
Messy Pixie Hairstyle – Hair Tutorial,http://www.garnierusa.com/articles-tips/videos/hair-style-womens/messy-pixie.aspx,,,,,,,,,,,,,,,,,,,,,,,,,,,,,,
Messy Ponytail Hairstyle – Hair Tutorial  ,http://www.garnierusa.com/articles-tips/videos/hair-style-womens/messy-ponytail.aspx,,,,,,,,,,,,,,,,,,,,,,,,,,,,,,
Red Carpet Hair Tutorial: The Sleek Middle Part,http://www.garnierusa.com/articles-tips/videos/hair-style-womens/red-carpet-hairstyle-sleek-middle-part.aspx,,,,,,,,,,,,,,,,,,,,,,,,,,,,,,
 Breathable Braid Hair Tutorial with Sheer Set |24/7 Style,http://www.garnierusa.com/articles-tips/videos/hair-style-womens/sheer-set-breathable-braid-tutorial.aspx,,,,,,,,,,,,,,,,,,,,,,,,,,,,,,
 Loose Waves Hair Tutorial with Sheer Set Hairspray | 24/7 Style,http://www.garnierusa.com/articles-tips/videos/hair-style-womens/sheer-set-loose-waves-tutorial.aspx,,,,,,,,,,,,,,,,,,,,,,,,,,,,,,
 Perfect Sleek Hair Tutorial with Sheer Set | 24/7 Style,http://www.garnierusa.com/articles-tips/videos/hair-style-womens/sheer-set-perfect-sleek-tutorial.aspx,,,,,,,,,,,,,,,,,,,,,,,,,,,,,,
 Style Spotting With Vlogger Tess Christine,http://www.garnierusa.com/articles-tips/videos/hair-style-womens/style-spotting-tess-christine.aspx,,,,,,,,,,,,,,,,,,,,,,,,,,,,,,
 Vlogger Tess Christine Puts Tori Kelly In The Hot Seat,http://www.garnierusa.com/articles-tips/videos/hair-style-womens/tori-kelly-interview.aspx,,,,,,,,,,,,,,,,,,,,,,,,,,,,,,
 Tousled Curls Hairstyle – Hair Tutorial by Garnier Fructis Style,http://www.garnierusa.com/articles-tips/videos/hair-style-womens/tousled-curls-tutorial.aspx,,,,,,,,,,,,,,,,,,,,,,,,,,,,,,
 Updo  Tutorial for Curly Hair with Donata White,http://www.garnierusa.com/articles-tips/videos/hair-style-womens/updo-donata-white.aspx,,,,,,,,,,,,,,,,,,,,,,,,,,,,,,
FAQs with Garnier SkinActive Expert Dr. Angie: Antioxidants,http://www.garnierusa.com/articles-tips/videos/skincare/faq-antioxidants-dr-angie.aspx,,,,,,,,,,,,,,,,,,,,,,,,,,,,,,
"Clearly Brighter FAQs with Dr. Angie Galdi, Garnier SkinActive Expert",http://www.garnierusa.com/articles-tips/videos/skincare/clearly-brighter-dr-angie-faqs.aspx,,,,,,,,,,,,,,,,,,,,,,,,,,,,,,
FAQs with Garnier SkinActive Expert Dr. Angie: What is Micellar Cleansing Water?,http://www.garnierusa.com/articles-tips/videos/skincare/faq-micellar-dr-angie.aspx,,,,,,,,,,,,,,,,,,,,,,,,,,,,,,
FAQs with Garnier SkinActive Expert Dr. Angie: Miracle Anti-Fatigue,http://www.garnierusa.com/articles-tips/videos/skincare/faq-miracle-anti-fatigue-dr-angie.aspx,,,,,,,,,,,,,,,,,,,,,,,,,,,,,,
FAQs with Garnier SkinActive Expert Dr. Angie: What is Garnier SkinActive?,http://www.garnierusa.com/articles-tips/videos/skincare/faq-what-is-skinactive-dr-angie.aspx,,,,,,,,,,,,,,,,,,,,,,,,,,,,,,
How to Use Micellar Cleansing Water,http://www.garnierusa.com/articles-tips/videos/skincare/micellar-how-to-use.aspx,,,,,,,,,,,,,,,,,,,,,,,,,,,,,,
Beauty Vloggers Review And Rave About Garnier Skinactive Micellar Cleansing Water,http://www.garnierusa.com/articles-tips/videos/skincare/micellar-top-vloggers.aspx,,,,,,,,,,,,,,,,,,,,,,,,,,,,,,
Top Makeup Vloggers Demonstrate How Micellar Water Works,http://www.garnierusa.com/articles-tips/videos/skincare/micellar-vloggers-demo.aspx,,,,,,,,,,,,,,,,,,,,,,,,,,,,,,
All About Braids - Hairstyle Gallery ,http://www.garnierusa.com/galleries/hairstylegallery/braids.aspx,,,,,,,,,,,,,,,,,,,,,,,,,,,,,,
Curly Hairstyles - Hairstyle Gallery ,http://www.garnierusa.com/galleries/hairstylegallery/curly-hairstyles.aspx,,,,,,,,,,,,,,,,,,,,,,,,,,,,,,
Easy Curly Hair Updos - Hairstyle Gallery ,http://www.garnierusa.com/galleries/hairstylegallery/curly-updos.aspx,,,,,,,,,,,,,,,,,,,,,,,,,,,,,,
Festival Roundup - Hairstyle Gallery,http://www.garnierusa.com/galleries/hairstylegallery/festival-roundup.aspx,,,,,,,,,,,,,,,,,,,,,,,,,,,,,,
Hairstyles For Short Hair - Hairstyle Gallery ,http://www.garnierusa.com/galleries/hairstylegallery/hairstyles-for-short-hair.aspx,,,,,,,,,,,,,,,,,,,,,,,,,,,,,,
Happily Grey Hairstyles - Hairstyle Gallery ,http://www.garnierusa.com/galleries/hairstylegallery/happily-grey-summer-looks.aspx,,,,,,,,,,,,,,,,,,,,,,,,,,,,,,
The Latest Looks For Long Hair - Hairstyle Gallery ,http://www.garnierusa.com/galleries/hairstylegallery/latest-looks-long-hair.aspx,,,,,,,,,,,,,,,,,,,,,,,,,,,,,,
Looks We Love - Hairstyle Gallery ,http://www.garnierusa.com/galleries/hairstylegallery/looks-we-love.aspx,,,,,,,,,,,,,,,,,,,,,,,,,,,,,,
Style Upgrades - Hairstyle Gallery ,http://www.garnierusa.com/galleries/hairstylegallery/style-upgrades.aspx,,,,,,,,,,,,,,,,,,,,,,,,,,,,,,
Tommy's Looks - Hairstyle Gallery ,http://www.garnierusa.com/galleries/hairstylegallery/tommys-looks.aspx,,,,,,,,,,,,,,,,,,,,,,,,,,,,,,
13 Best Hairstyles for Fall,http://www.garnierusa.com/galleries/hairstylegallery/13-best-hairstyles-for-fall.aspx,,,,,,,,,,,,,,,,,,,,,,,,,,,,,,
Back To School Hairstyle,http://www.garnierusa.com/articles-tips/hair-style/hairstyle-inspiration/back-to-school-hair-styles.aspx,,,,,,,,,,,,,,,,,,,,,,,,,,,,,,
Best New Hairstyles For Long Hair,http://www.garnierusa.com/articles-tips/hair-style/hairstyle-inspiration/best-new-hairstyles-for-long-hair.aspx,,,,,,,,,,,,,,,,,,,,,,,,,,,,,,
Hottest Medium-Length Hairstyles,http://www.garnierusa.com/articles-tips/hair-style/hairstyle-inspiration/hottest-medium-length-hairstyles.aspx,,,,,,,,,,,,,,,,,,,,,,,,,,,,,,
Best New Ponytails,http://www.garnierusa.com/articles-tips/hair-style/hairstyle-inspiration/best-new-ponytails.aspx,,,,,,,,,,,,,,,,,,,,,,,,,,,,,,
Celebrity Hairstyles To Make Your Own,http://www.garnierusa.com/articles-tips/hair-style/hairstyle-inspiration/celebrity-hairstyles-to-make-your-own.aspx,,,,,,,,,,,,,,,,,,,,,,,,,,,,,,
Casual Hair With a Flair ,http://www.garnierusa.com/articles-tips/hair-style/hairstyle-inspiration/casual-hair-with-a-flair.aspx,,,,,,,,,,,,,,,,,,,,,,,,,,,,,,
Hottest Hair Trends This Year,http://www.garnierusa.com/articles-tips/hair-style/hairstyle-inspiration/hottest-hair-trends-this-year.aspx,,,,,,,,,,,,,,,,,,,,,,,,,,,,,,
4 Updos That Flatter,http://www.garnierusa.com/articles-tips/hair-style/hairstyle-inspiration/4-updos-that-flatter.aspx,,,,,,,,,,,,,,,,,,,,,,,,,,,,,,
How to Own Your Short Hair,http://www.garnierusa.com/articles-tips/hair-style/hairstyle-inspiration/how-to-own-your-short-hair.aspx,,,,,,,,,,,,,,,,,,,,,,,,,,,,,,
4 New Twists on the Bun,http://www.garnierusa.com/articles-tips/hair-style/hairstyle-inspiration/4-new-twists-on-the-bun.aspx,,,,,,,,,,,,,,,,,,,,,,,,,,,,,,
Shake Up Your Style Routine With These 5 Easy Hairstyles,http://www.garnierusa.com/articles-tips/hair-style/hairstyle-inspiration/shake-up-your-routine-with-these-5-easy-hairstyles.aspx,,,,,,,,,,,,,,,,,,,,,,,,,,,,,,
Simple Hairstyles for Winter,http://www.garnierusa.com/articles-tips/hair-style/hairstyle-inspiration/simple-hairstyles-for-winter.aspx,,,,,,,,,,,,,,,,,,,,,,,,,,,,,,
Spring Hair Upgrades,http://www.garnierusa.com/articles-tips/hair-style/hairstyle-inspiration/spring-hair-upgrades.aspx,,,,,,,,,,,,,,,,,,,,,,,,,,,,,,
Build Body Into Fine Hair Like A Pro,http://www.garnierusa.com/articles-tips/hair-style/hair-tips/build-body-into-fine-hair-like-a-pro.aspx,,,,,,,,,,,,,,,,,,,,,,,,,,,,,,
"Style And Care For Your Great, Straight Hair",http://www.garnierusa.com/articles-tips/hair-style/hair-tips/style-and-care-for-your-great-straight-hair.aspx,,,,,,,,,,,,,,,,,,,,,,,,,,,,,,
How to Have Great Hair Every Day,http://www.garnierusa.com/articles-tips/hair-style/hair-tips/how-to-have-great-hair-every-day.aspx,,,,,,,,,,,,,,,,,,,,,,,,,,,,,,
How to Get The Most From Your Natural Waves,http://www.garnierusa.com/articles-tips/hair-style/hair-tips/how-to-get-the-most-from-your-natural-waves.aspx,,,,,,,,,,,,,,,,,,,,,,,,,,,,,,
How to Manage Thick Coarse Hair Like a Stylist,http://www.garnierusa.com/articles-tips/hair-style/hair-tips/how-to-manage-thick-coarse-hair-like-a-stylist.aspx,,,,,,,,,,,,,,,,,,,,,,,,,,,,,,
How to Show Off Your Layers,http://www.garnierusa.com/articles-tips/hair-style/hair-tips/how-to-show-off-your-layers.aspx,,,,,,,,,,,,,,,,,,,,,,,,,,,,,,
How to Style Your Braid Like a Blogger,http://www.garnierusa.com/articles-tips/hair-style/hair-tips/how-to-style-your-braid-like-a-blogger.aspx,,,,,,,,,,,,,,,,,,,,,,,,,,,,,,
Master the Messy Look,http://www.garnierusa.com/articles-tips/hair-style/hair-tips/master-the-messy-look.aspx,,,,,,,,,,,,,,,,,,,,,,,,,,,,,,
New Hairstyles for Every Face Shape,http://www.garnierusa.com/articles-tips/hair-style/hair-tips/new-hairstyles-for-every-face-shape.aspx,,,,,,,,,,,,,,,,,,,,,,,,,,,,,,
The Many Looks of Bobs,http://www.garnierusa.com/articles-tips/hair-style/hair-tips/the-many-looks-of-bobs.aspx,,,,,,,,,,,,,,,,,,,,,,,,,,,,,,
Which Haircut Is Best For My Face Shape?,http://www.garnierusa.com/articles-tips/hair-style/hair-tips/which-haircut-is-best-for-my-face-shape.aspx,,,,,,,,,,,,,,,,,,,,,,,,,,,,,,
Easy Hairstyles for Men,http://www.garnierusa.com/articles-tips/hair-style/hairstyle-tutorials/easy-hairstyles-for-men.aspx,,,,,,,,,,,,,,,,,,,,,,,,,,,,,,
Easy Ways To Add Glam To Holiday Style,http://www.garnierusa.com/articles-tips/hair-style/special-ocasions/easy-ways-to-add-glam-to-holiday-style.aspx,,,,,,,,,,,,,,,,,,,,,,,,,,,,,,
Easy Wedding Hairstyles,http://www.garnierusa.com/articles-tips/hair-style/special-ocasions/easy-wedding-hair-styles.aspx,,,,,,,,,,,,,,,,,,,,,,,,,,,,,,
Get Glam Holiday Hair,http://www.garnierusa.com/articles-tips/hair-style/special-ocasions/get-glam-holiday-hair.aspx,,,,,,,,,,,,,,,,,,,,,,,,,,,,,,
Prom Hairstyles That Stand Up to Dancing,http://www.garnierusa.com/articles-tips/hair-style/special-ocasions/prom-hairstyles-that-stand-up-to-dancing.aspx,,,,,,,,,,,,,,,,,,,,,,,,,,,,,,
Step Up Your Style For a Night Out,http://www.garnierusa.com/articles-tips/hair-style/special-ocasions/step-up-your-style-for-a-night-out.aspx,,,,,,,,,,,,,,,,,,,,,,,,,,,,,,
Discover New Marvelous Oils from Garnier Fructis,http://www.garnierusa.com/articles-tips/videos/hair-care/marvelous-oil-how-to-use.aspx,,,,,,,,,,,,,,,,,,,,,,,,,,,,,,
How Often Should You Color Your Hair?,http://www.garnierusa.com/articles-tips/hair-color/hair-color/how-often-should-you-color-your-hair.aspx,,,,,,,,,,,,,,,,,,,,,,,,,,,,,,
Protect Your Hair Color In The Winter With These Essential Tips,http://www.garnierusa.com/articles-tips/hair-color/hair-color/protect-your-hair-color-in-the-winter-with-these-essential-tips.aspx,,,,,,,,,,,,,,,,,,,,,,,,,,,,,,
How To Take Care Of Dyed Hair,http://www.garnierusa.com/articles-tips/hair-color/hair-color/how-to-take-care-of-dyed-hair.aspx,,,,,,,,,,,,,,,,,,,,,,,,,,,,,,
Why Argan Nut Is The Next Big Thing In Skincare,http://www.garnierusa.com/articles-tips/skincare/skin-care-routine/why-argan-nut-is-the-next-big-thing-in-skin-care,,,,,,,,,,,,,,,,,,,,,,,,,,,,,,
Everything You Need To Know About Oil-Free Makeup Removers,http://www.garnierusa.com/articles-tips/skincare/oily-skin/everything-you-need-to-know-about-oil-free-makeup-removers,,,,,,,,,,,,,,,,,,,,,,,,,,,,,,
Things To Watch Out For If You Have Sensitive Skin,http://www.garnierusa.com/articles-tips/skincare/skin-care-routine/things-to-watch-out-for-if-you-have-sensitive-skin,,,,,,,,,,,,,,,,,,,,,,,,,,,,,,
Can Fragrance Affect Your Skincare Routine?,http://www.garnierusa.com/articles-tips/skincare/skin-care-routine/can-fragrance-affect-your-skin-care-routine,,,,,,,,,,,,,,,,,,,,,,,,,,,,,,
"How Alcohol, Parabens And Fragrance Can Affect Sensitive Skin",http://www.garnierusa.com/articles-tips/skincare/skin-care-routine/how-alcohol-parabens-and-fragrance-can-affect-sensitive-skin,,,,,,,,,,,,,,,,,,,,,,,,,,,,,,
What Hair Color Gives You That Autumn Glow,http://www.garnierusa.com/articles-tips/hair-color/hair-color/what-hair-color-gives-you-that-autumn-glow,,,,,,,,,,,,,,,,,,,,,,,,,,,,,,
The Golden Rules Of Hair Color,http://www.garnierusa.com/articles-tips/hair-color/hair-color/the-golden-rules-of-hair-color,,,,,,,,,,,,,,,,,,,,,,,,,,,,,,
Step By Step: How To Dye Your Hair At Home,http://www.garnierusa.com/articles-tips/hair-color/hair-color/step-by-step-how-to-dye-your-hair-at-home,,,,,,,,,,,,,,,,,,,,,,,,,,,,,,
Hair Color Trends,http://www.garnierusa.com/articles-tips/hair-color/hair-color/hair-color-trends,,,,,,,,,,,,,,,,,,,,,,,,,,,,,,
3 Ways to Upgrade Your Braid,http://www.garnierusa.com/articles-tips/videos/hair-style-womens/3-ways-to-upgrade-your-braid.aspx,,,,,,,,,,,,,,,,,,,,,,,,,,,,,,
3 Sexy Hairstyles Every Girl Needs In Her Life,http://www.garnierusa.com/articles-tips/videos/hair-style-womens/3-sexy-hairstyles.aspx,,,,,,,,,,,,,,,,,,,,,,,,,,,,,,
Micellar Meets Halloween Makeup With @TeniPanosian,http://www.garnierusa.com/articles-tips/videos/skincare/micellar-halloween-makeup-tenipanosian.aspx,,,,,,,,,,,,,,,,,,,,,,,,,,,,,,
Micellar Mini Travels With @TeniPanosian,http://www.garnierusa.com/articles-tips/videos/skincare/micellar-mini-travels-tenipanosian.aspx,,,,,,,,,,,,,,,,,,,,,,,,,,,,,,
How to Tackle Oily Skin,http://www.garnierusa.com/articles-tips/skincare/oily-skin/how-to-tackle-oily-skin,,,,,,,,,,,,,,,,,,,,,,,,,,,,,,
6 Post-Summer Products to Help Manage Your Dark Spots,http://www.garnierusa.com/articles-tips/skincare/dark-spots/6-post-summer-products-to-help-manage-your-dark-spots,,,,,,,,,,,,,,,,,,,,,,,,,,,,,,
Curly Faux Hawk Hair Tutorial With Morgan Brown | Curls Can,http://www.garnierusa.com/articles-tips/videos/hair-style-womens/curly-faux-hawk-tutorial-morgan-brown-curls-can.aspx,,,,,,,,,,,,,,,,,,,,,,,,,,,,,,
Curly Side Braid Hair Tutorial With Andrea Brooks | Curls Can,http://www.garnierusa.com/articles-tips/videos/hair-style-womens/curly-side-braid-tutorial-andrea-brooks-curls-can.aspx,,,,,,,,,,,,,,,,,,,,,,,,,,,,,,
Crown Braid Pineapple Hair Tutorial With Jade | Curls Can,http://www.garnierusa.com/articles-tips/videos/hair-style-womens/crown-braid-pineapple-tutorial-jade.aspx,,,,,,,,,,,,,,,,,,,,,,,,,,,,,,
Easy Curly Bun Hairstyle Tutorial With Morgan Brown | Curls Can,http://www.garnierusa.com/articles-tips/videos/hair-style-womens/easy-curly-bun-curly-hairstyle.aspx,,,,,,,,,,,,,,,,,,,,,,,,,,,,,,
Mini Side-Braided Ponytail Tutorial With Shaneice | Curls Can,http://www.garnierusa.com/articles-tips/videos/hair-style-womens/mini-side-braid-ponytail-tutorial-shaneice.aspx,,,,,,,,,,,,,,,,,,,,,,,,,,,,,,
Easy Curly Side-Twist Hairstyle With Morgan Brown | Curls Can,http://www.garnierusa.com/articles-tips/videos/hair-style-womens/easy-curly-side-twist-morgan-brown.aspx,,,,,,,,,,,,,,,,,,,,,,,,,,,,,,
Why Are Antioxidants Good For Skin?,http://www.garnierusa.com/articles-tips/skincare/antioxidants/why-are-antioxidants-good-for-skin.aspx,,,,,,,,,,,,,,,,,,,,,,,,,,,,,,
6 Products That Are Gentle On Sensitive Skin,http://www.garnierusa.com/articles-tips/skincare/skin-care-routine/6-products-that-are-gentle-on-sensitive-skin.aspx,,,,,,,,,,,,,,,,,,,,,,,,,,,,,,
How To Incorporate A Daily Scrub Into Your Skincare Routine,http://www.garnierusa.com/articles-tips/skincare/skin-care-routine/how-to-incorporate-a-daily-scrub-into-your-skin-care-routine.aspx,,,,,,,,,,,,,,,,,,,,,,,,,,,,,,
How To Know If Your Skin Has Sustained Sun Damage,http://www.garnierusa.com/articles-tips/skincare/dark-spots/how-to-know-if-your-skin-has-sustained-sun-damage.aspx,,,,,,,,,,,,,,,,,,,,,,,,,,,,,,
How Vitamin C Can Refresh Your Skin When Summer Is Over,http://www.garnierusa.com/articles-tips/skincare/dark-spots/how-vitamin-c-can-refresh-your-skin-when-summer-is-over.aspx,,,,,,,,,,,,,,,,,,,,,,,,,,,,,,
Skincare Basics: How To Clean Skin,http://www.garnierusa.com/articles-tips/skincare/cleansing/skin-care-basics-how-to-clean-skin.aspx,,,,,,,,,,,,,,,,,,,,,,,,,,,,,,
How To Develop A Skincare Routine,http://www.garnierusa.com/articles-tips/skincare/skin-care-routine/how-to-develop-a-skin-care-routine.aspx,,,,,,,,,,,,,,,,,,,,,,,,,,,,,,
How Chemical Exfoliation Works To Perfect Your Skin,http://www.garnierusa.com/articles-tips/skincare/skin-care-routine/how-chemical-exfoliation-works-to-perfect-your-skin.aspx,,,,,,,,,,,,,,,,,,,,,,,,,,,,,,
What Makes A Scrub Gentle?,http://www.garnierusa.com/articles-tips/skincare/skin-care-routine/what-makes-a-scrub-gentle.aspx,,,,,,,,,,,,,,,,,,,,,,,,,,,,,,
How To Incorporate Hyaluronic Acid Into Your Skincare Routine,http://www.garnierusa.com/articles-tips/skincare/skin-care-routine/how-to-incorporate-hyaluronic-acid-into-our-skin-care-routine.aspx,,,,,,,,,,,,,,,,,,,,,,,,,,,,,,
How to Give Your Hair the Hydration It Needs,http://www.garnierusa.com/articles-tips/hair-care/frizzy-hair/how-to-give-your-hair-the-hydration-it-needs.aspx,,,,,,,,,,,,,,,,,,,,,,,,,,,,,,
Tips For Controlling Frizzy Hair,http://www.garnierusa.com/articles-tips/hair-care/frizzy-hair/tips-for-controlling-frizzy-hair.aspx,,,,,,,,,,,,,,,,,,,,,,,,,,,,,,
How To Treat Frizzy Hair,http://www.garnierusa.com/articles-tips/hair-care/frizzy-hair/how-to-treat-frizzy-hair.aspx,,,,,,,,,,,,,,,,,,,,,,,,,,,,,,
Prevent Frizzy Hair With Our After Shower Tips,http://www.garnierusa.com/articles-tips/hair-care/frizzy-hair/prevent-frizzy-hair-with-our-after-shower-tips.aspx,,,,,,,,,,,,,,,,,,,,,,,,,,,,,,
The Best Products For Rehydrating Dry Hair,http://www.garnierusa.com/articles-tips/hair-care/frizzy-hair/the-best-products-for-rehydrating-dry-hair.aspx,,,,,,,,,,,,,,,,,,,,,,,,,,,,,,
Tips For Great Hair On-The-Go,http://www.garnierusa.com/articles-tips/hair-care/frizzy-hair/tips-for-great-hair-on-the-go.aspx,,,,,,,,,,,,,,,,,,,,,,,,,,,,,,
5 Ways To Keep Your Hair Looking Shiny And Healthy,http://www.garnierusa.com/articles-tips/hair-care/frizzy-hair/5-ways-to-keep-your-hair-looking-shiny-and-healthy.aspx,,,,,,,,,,,,,,,,,,,,,,,,,,,,,,
5 Ways To Protect Your Hair On Vacation,http://www.garnierusa.com/articles-tips/hair-care/frizzy-hair/5-ways-to-protect-your-hair-on-vacation.aspx,,,,,,,,,,,,,,,,,,,,,,,,,,,,,,
Why To Use Hair Oil,http://www.garnierusa.com/articles-tips/hair-care/frizzy-hair/why-to-use-hair-oil.aspx,,,,,,,,,,,,,,,,,,,,,,,,,,,,,,
5 Benefits Of Hair Oil,http://www.garnierusa.com/articles-tips/hair-care/frizzy-hair/5-benefits-of-hair-oil.aspx,,,,,,,,,,,,,,,,,,,,,,,,,,,,,,
How To Use Hair Serums,http://www.garnierusa.com/articles-tips/hair-care/frizzy-hair/how-to-use-hair-serum.aspx,,,,,,,,,,,,,,,,,,,,,,,,,,,,,,
Benefits Of Argan Oil For Your Hair,http://www.garnierusa.com/articles-tips/hair-care/frizzy-hair/benefits-of-argan-oil-for-your-hair.aspx,,,,,,,,,,,,,,,,,,,,,,,,,,,,,,
Top Products For Thin Hair,http://www.garnierusa.com/articles-tips/hair-care/frizzy-hair/top-products-for-thin-hair.aspx,,,,,,,,,,,,,,,,,,,,,,,,,,,,,,
Be the Hit At Your Next Party,http://www.garnierusa.com/articles-tips/hair-style/special-ocasions/be-the-hit-at-your-next-party.aspx,,,,,,,,,,,,,,,,,,,,,,,,,,,,,,
4 Essential Summer Hair Products,http://www.garnierusa.com/articles-tips/hair-care/hair-care-products/4-essential-summer-hair-products.aspx,,,,,,,,,,,,,,,,,,,,,,,,,,,,,,
8 Expert Tips for Curly Natural Hair,http://www.garnierusa.com/articles-tips/hair-care/curly-hair/8-expert-tip-for-curly-natural-hair.aspx,,,,,,,,,,,,,,,,,,,,,,,,,,,,,,
10 Steps for Perfectly Curly Hair,http://www.garnierusa.com/articles-tips/hair-care/curly-hair/10-steps-for-perfect-curly-hair.aspx,,,,,,,,,,,,,,,,,,,,,,,,,,,,,,
5 Must Haves for Perfect Curls,http://www.garnierusa.com/articles-tips/hair-care/curly-hair/5-must-haves-for-perfect-curls.aspx,,,,,,,,,,,,,,,,,,,,,,,,,,,,,,
Common Curly Hair Problems & Solutions,http://www.garnierusa.com/articles-tips/hair-care/curly-hair/common-curly-hair-problems-solutions.aspx,,,,,,,,,,,,,,,,,,,,,,,,,,,,,,
Maintaining Your Hair Color During Your Summer Beach Vacation,http://www.garnierusa.com/articles-tips/hair-color/hair-color/maintaining-your-hair-color-during-your-summer-beach-vacation.aspx,,,,,,,,,,,,,,,,,,,,,,,,,,,,,,
What Skincare Tips Can Help You Manage Dark Spots,http://www.garnierusa.com/articles-tips/skincare/dark-spots/what-skin-care-tips-can-help-you-manage-dark-spots.aspx,,,,,,,,,,,,,,,,,,,,,,,,,,,,,,